{"solution":[[1.1159755789553658,0],[1.660590434398635,1],[2.633080836938179,1],[4.525194252450255,0],[4.810509153522325,1],[5.268525034794058,1],[5.471589141190698,1],[6.711296011243782,1],[8.125679285206871,1],[8.529590003360116,1],[10.125366421913267,1],[10.950725187388812,1],[11.465064820773371,1],[11.896362669276755,1],[12.42211111476448,1],[13.003696373769818,1],[13.8825707673417,1],[14.177549030342309,1],[14.27815396405266,1],[14.890559027861656,1]],"objective_func":0.906056989462326,"elapsed_time":6.484,"problem_name":"test_1"}
