{"solution":[[1.0814113093722808,0],[1.3790041992258284,1],[1.854478333245399,1],[2.0820033284092068,1],[3.3509595483229306,1],[4.153456370501212,1],[4.247875775915149,1],[4.886241714343161,1],[6.187712281796646,1],[6.764639479094948,1],[6.89591021307829,1],[7.088618186093219,1],[9.032788000181613,1],[9.396591004501786,1],[10.617377511097398,1],[11.482860135683374,1],[12.291720245475235,1],[13.189450511749403,1],[13.852300061928172,1],[13.86493018520085,1]],"objective_func":0.9396778468606102,"elapsed_time":4.828,"problem_name":"test_3"}
