{"solution":[[2.133058740877611,0],[3.3992305594827874,0],[3.460145208322591,1],[4.065189378937568,1],[4.42246435247033,1],[4.516603228323318,1],[6.601609393388337,1],[8.947937801417481,1],[10.06183473285089,1],[10.407039428114455,1],[10.688152993223216,1],[11.034642767901794,1],[11.094869460807065,1],[11.866667675709328,1],[12.00983832244927,1],[13.660122006849235,1],[14.022959325708424,1],[14.535314313463628,1],[14.833277603082331,1],[14.865664523796074,1]],"objective_func":0.9319093916539152,"elapsed_time":5.281,"problem_name":"test_2"}
