{"solution":[[1.4233036478119352,0],[1.5997788980896337,0],[1.7692399970268289,1],[2.5216378838372737,0],[2.6816604118424783,0],[3.2492855855594662,0],[3.480655648301622,0],[3.6832400540006907,0],[3.950505080114165,0],[7.285612504159155,0],[7.594198393975409,0],[7.686969356361503,0],[8.408544201320195,0],[9.570781138106947,0],[11.395920899008996,0],[11.411403323909802,0],[11.521397183852985,0],[12.507750949416936,0],[12.81049786314263,0],[14.565491908125393,1]],"objective_func":0.988380904093146,"elapsed_time":5.157,"problem_name":"test_4"}
