{"solution":[[1.702102575297607,1],[2.066350039070642,1],[2.1268484297271675,1],[3.3099547453114084,1],[3.4774307584176607,1],[5.028000429538288,1],[5.586791182602697,1],[5.68649748140032,1],[6.404526293268942,1],[7.803499370092523,1],[8.710259983809571,0],[9.866717866394783,1],[10.045647873640021,1],[11.55485061973706,1],[11.58955687752385,1],[12.113591305919424,1],[12.502535185647583,1],[13.260431440007402,1],[14.052988750703408,1],[14.705617597865198,1]],"objective_func":0.9430737127396948,"elapsed_time":4.031,"problem_name":"test_5"}
