problem_name,objective_func,elapsed_time
test_1,0.9326368004375255,1.970727
test_2,0.9332654447065929,1.654633
test_3,0.9457260499030724,2.231352
test_4,0.9639519239388843,1.41796
test_5,0.9558558921861244,1.423511
