problem_name,objective_func,best_find_time,elapsed_time
test_1,0.906056989462326,0.562,11.687
test_2,0.9319093916539152,0.047,11.124
test_3,0.9396778468606102,0.047,11.078
test_4,0.988380904093146,0.266,11.328
test_5,0.9430737127396948,0.14,11.14
