problem_name,objective_func,best_find_time,elapsed_time
test_1,0.965319503272333,0.382163,11.519915
test_2,0.9001728254387138,0.109072,11.310014
test_3,0.9550548483505364,0.652091,11.757898
test_4,0.9301260953785531,0.860294,12.065731
test_5,0.9253650402753651,0.330218,11.543302
