problem_name,objective_func,elapsed_time
test_1,0.906056989462326,6.484
test_2,0.9319093916539152,5.281
test_3,0.9396778468606102,4.828
test_4,0.988380904093146,5.157
test_5,0.9430737127396948,4.031
