problem_name,objective_func,best_find_time,elapsed_time
test_1,0.9651400853467942,0.541861,3.839068
test_2,0.9001728254387138,0.107073,3.705983
test_3,0.9551661279487792,0.226153,2.938969
test_4,0.9301260953785531,0.261174,2.907445
test_5,0.9252666322467037,1.410945,3.849076
