{"solution":[[1.8649192584045768,1],[3.18093554538141,1],[3.2498345059850298,1],[3.429312816829756,1],[3.5094858172509342,1],[3.693577521994981,1],[4.107066817738953,1],[4.541032045331454,1],[4.611767440091883,1],[4.865357850293732,1],[4.908055398326701,1],[5.319362896583259,1],[5.736547098053131,1],[5.800309191608516,1],[6.716344745264739,1],[6.7754803942343065,1],[6.841904277288913,1],[7.01638754735525,1],[9.488881588585805,1],[9.865688344199645,1]],"objective_func":0.8068790484845364,"elapsed_time":3.328,"problem_name":"SB_19"}
