{"solution":[[1.005521588470712,1],[1.209240977603529,0],[1.4096519176886937,1],[1.4573077738802558,0],[2.3455422699108692,1],[2.9481138382986436,0],[3.089816904095131,1],[4.968283931635719,0],[5.366110269053541,1],[5.903302914364155,0],[6.00504359025116,1],[6.215482440588595,0],[6.323910430222662,1],[7.271604631161805,0],[8.119513346519728,1],[8.675995863542278,0],[8.68762853747474,1],[9.031627465871708,0],[9.212576810146977,1],[9.565046474406556,0]],"objective_func":0.00010655763455205716,"elapsed_time":3.438,"problem_name":"SE_13"}
