{"solution":[[1.6234192250929989,1],[1.7424282679960283,1],[1.9935286888612465,1],[2.2953724975077288,1],[2.5890065667266655,1],[2.963470529994041,0],[3.2014507106885466,1],[3.8300382233321564,1],[4.188674557063164,1],[4.254045183908237,1],[4.490603129984779,1],[5.338675763541572,1],[6.155022066965653,1],[6.257834414292137,1],[7.04453225690617,1],[7.856627572130852,1],[8.345617490970037,1],[8.433827009123693,1],[8.87730285385071,1],[9.970467557338418,1]],"objective_func":0.33670301699619715,"elapsed_time":3.343,"problem_name":"SB_8"}
