{"solution":[[1.874968068015955,1],[1.9260488493055339,1],[2.02299051732634,1],[2.0842213886649676,1],[2.4766846011319554,1],[2.5369313018422286,1],[2.969775986242677,1],[3.027984616464005,1],[3.2109747436989626,1],[3.4224007652638777,1],[3.4988261206145936,1],[3.635437282273797,1],[5.164355860331077,1],[6.310784369517677,1],[6.908101798660765,1],[7.340073202258528,1],[8.088783989239502,1],[8.826435852772038,1],[9.040087026376053,1],[9.155977425127423,1]],"objective_func":0.7053792559693125,"elapsed_time":3.547,"problem_name":"SB_18"}
