{"solution":[[2.0486928847523527,0],[2.31921205433703,1],[3.915860712703239,1],[4.923818641148147,0],[5.068732896331565,1],[6.028431586740412,1],[6.190619279910071,1],[6.352348206448048,0],[7.116592684966163,1],[7.237877828295659,1],[7.328106117434558,0],[7.476149865694062,1],[7.84264864025861,1],[8.122902618850976,1],[8.312327045552014,0],[8.357782236305876,1],[8.471411244623663,1],[9.062485690008884,0],[9.371358777128846,1],[9.951515030340934,1]],"objective_func":0.0003779260313671338,"elapsed_time":3.875,"problem_name":"SE_3"}
