{"solution":[[2.1673166570677305,1],[2.2192267219701622,0],[2.302120318242061,1],[2.739927303457822,1],[4.542481039438258,1],[4.610326908013934,1],[4.9948765398020285,1],[5.039665797005887,1],[5.536690283282538,1],[6.085003210586142,1],[6.198530419935413,1],[7.612123406128248,1],[7.817204569411145,1],[8.096271979486513,1],[8.546095922722447,1],[8.757563260188643,1],[9.303647842366367,1],[9.40066083339044,1],[9.545603610868621,1],[9.579015317454946,1]],"objective_func":0.12446602442818397,"elapsed_time":4.016,"problem_name":"SE_12"}
