{"solution":[[1.1767094786780299,1],[1.3257400953412475,1],[1.5394386013283063,1],[1.7973340079625544,1],[2.1725038114656456,1],[2.26929538142334,1],[2.295150138263687,1],[2.558284590863308,0],[3.071801134232183,1],[3.3875037978357456,1],[3.658810181243869,1],[3.730592625144359,1],[3.7953246145927135,1],[4.239269851871023,1],[5.295695035581011,1],[5.743691101847483,1],[5.962135201768652,1],[6.892513095790813,1],[7.869848162192347,1],[9.12843181316327,1]],"objective_func":0.4200624049236668,"elapsed_time":4.781,"problem_name":"SB_11"}
