{"solution":[[1.313451858841471,1],[2.259696183355204,0],[2.510702347533642,1],[2.649298722765441,0],[3.02156241738419,0],[3.127812193405388,1],[3.5114118812351327,0],[4.343582075742181,0],[4.515182586098301,1],[4.988476558267543,0],[5.86595549790658,1],[6.524344133503176,0],[7.696083918257938,0],[7.8576453372852155,1],[7.868222540112269,0],[7.884527155561509,1],[8.781546854714922,0],[8.875543710010923,0],[9.17034028359023,1],[9.428743075715442,0]],"objective_func":1.4023203523838066e-05,"elapsed_time":3.39,"problem_name":"SE_16"}
