{"solution":[[1.0641973293144003,1],[1.0911809538567014,1],[1.6156595384758357,1],[1.6454463845045937,1],[1.8842821398734073,1],[2.123329125070346,1],[2.631457837659326,1],[2.789391891311003,1],[2.986664660141872,1],[3.1899878098380436,1],[3.928001447383886,1],[3.940783974571792,1],[4.6711596319603235,1],[5.361661485491785,1],[6.086355539674468,1],[6.862669741480317,1],[8.518636753461484,1],[8.886397595234795,1],[9.237716213225488,1],[9.932888578889633,1]],"objective_func":0.44837637560523347,"elapsed_time":3.672,"problem_name":"SB_15"}
