{"solution":[[1.8525289137878613,1],[1.9625316887619162,1],[2.135648811015104,1],[2.1978246362423906,1],[2.690386655727253,1],[3.472295104888799,1],[3.90093043157065,1],[5.025871969011127,1],[5.102734319986181,1],[5.552898754618564,1],[6.754414673771684,1],[6.988847356494695,1],[7.330174031567569,1],[7.377714904236052,1],[7.633640704370677,1],[7.734513504869474,1],[8.56067255638611,1],[8.894541744593502,1],[9.647451535681164,1],[9.774006200256888,1]],"objective_func":0.5202131669842587,"elapsed_time":3.546,"problem_name":"SB_20"}
