{"solution":[[1.271417189224627,0],[1.715738265412495,0],[3.25870517876732,0],[4.545028517697356,1],[4.720711761492161,1],[4.899097740512601,1],[5.219467375823259,1],[6.177845959054673,0],[6.191497210289557,1],[6.461939057457928,1],[6.835247316709818,1],[6.874590414018007,1],[6.92233884141219,1],[6.972738554409664,1],[7.938921404114569,1],[8.32748421269365,1],[8.619204393164178,1],[8.942850952696343,1],[9.1195937866074,1],[9.183130808658724,1]],"objective_func":0.728129943350454,"elapsed_time":3.422,"problem_name":"SB_2"}
