{"solution":[[1.9859986308138122,1],[2.3954020120056647,0],[3.2021717143873154,0],[3.647940421207495,0],[3.7560031715706947,0],[4.222023951743381,1],[4.709303519307825,0],[5.233539662195651,0],[5.3161235903578135,0],[5.679930496628353,0],[6.037191837436439,1],[6.1857383806689965,0],[6.9306734356426665,0],[7.2019927434774,0],[7.828030445899429,0],[8.050824641524088,1],[8.36781370764908,0],[8.47056671575914,0],[9.627789185058836,0],[9.833689344178065,0]],"objective_func":8.713053428254498e-05,"elapsed_time":3.531,"problem_name":"SE_14"}
