{"solution":[[1.6224708591587713,1],[1.912032627139273,0],[2.858490800806715,1],[3.466251393999029,1],[3.6640747753122405,0],[3.731070505657406,1],[4.291795927069261,0],[4.341138901139404,1],[5.866577077834382,1],[5.945677829698201,0],[6.075582607735767,1],[6.6994898932602185,1],[6.716351614441118,0],[6.802314206844404,1],[7.364060601917332,1],[7.555231294790194,0],[7.6420043387884515,1],[8.8781076577784,1],[9.153793164426157,0],[9.543297468212327,1]],"objective_func":1.3664873250361927e-06,"elapsed_time":3.406,"problem_name":"SE_8"}
