{"solution":[[1.367839285586912,0],[1.7660316923590762,0],[2.1121281787382453,0],[2.1366780961967704,1],[2.787483339925968,0],[3.3114188080744267,0],[4.277759991960327,0],[4.378979681591833,0],[4.870743176141578,0],[4.912407370250584,0],[5.431091339650102,0],[5.707547360384719,0],[6.322722016573263,0],[6.533739857560464,1],[7.407327218345357,1],[7.817636803798003,1],[8.4199956857707,1],[8.491224276889916,1],[8.637881442776632,0],[9.213767765808704,1]],"objective_func":0.5856090546954922,"elapsed_time":3.609,"problem_name":"SS_18"}
