{"solution":[[1.8977837388469203,0],[2.1533517210739483,0],[2.715069188818216,0],[2.7897446904281393,1],[2.844882028034631,0],[2.857401045156699,0],[4.058102043541386,0],[4.1580358042162775,0],[4.261042259121598,0],[5.05881774166675,0],[5.378858815375333,1],[6.574384797348861,0],[7.2644842976404975,1],[7.824448322035699,1],[7.988766497819326,1],[8.116427879440682,0],[8.28858453006876,1],[9.189254159924884,1],[9.377783838444646,0],[9.919256417355209,0]],"objective_func":0.7169291427821582,"elapsed_time":3.734,"problem_name":"SS_11"}
