{"solution":[[1.1408796330921516,0],[1.3726626822687393,0],[1.500336027014288,0],[1.9029174853575945,0],[2.3430855048913175,0],[3.222154374533433,1],[3.3782335720812076,1],[3.7929637600588633,1],[4.633002601746972,1],[5.349835152833066,0],[5.415510520378806,0],[5.537195926183548,1],[6.092119767803251,0],[6.104009451641229,0],[6.945446470261174,0],[7.685858851063656,0],[7.709163750545766,0],[8.651307610856914,0],[8.930666699035966,0],[9.030762448063603,0]],"objective_func":0.9378787004551853,"elapsed_time":3.891,"problem_name":"SS_11"}
