{"solution":[[1.634615207413832,1],[1.6910394954244314,0],[2.0601314298481883,0],[2.4644785727279723,0],[2.7863958816933385,1],[2.846989716459346,0],[4.847362247103396,0],[5.915158456541714,1],[6.06651086271941,0],[6.190596513127113,0],[6.383369721641242,1],[6.397206540326651,0],[7.095143358450385,0],[7.6675138669924765,0],[8.030572080421209,1],[8.444968908597414,0],[8.620542581949312,0],[9.149142406716205,1],[9.705590266683476,0],[9.942065783240235,0]],"objective_func":0.0004448567755094607,"elapsed_time":3.484,"problem_name":"SE_13"}
