{"solution":[[3.47257974467038,1],[3.7081280124090368,0],[3.7500447944571755,1],[3.990404531530914,1],[4.5794589065925475,1],[4.827786729463062,0],[4.934005755412619,1],[5.352274771753364,1],[5.449142421330113,0],[5.634872661126422,1],[5.836055141477738,1],[6.6490940893105055,0],[6.665562067924259,1],[7.0525404035215535,1],[7.83367090759708,0],[8.082849785924461,1],[8.710468403629925,1],[8.865132329406153,0],[9.321951189918597,1],[9.657639214200465,1]],"objective_func":4.934030162140542e-06,"elapsed_time":3.75,"problem_name":"SE_19"}
