{"solution":[[1.151240631196082,0],[1.1982111035038168,0],[1.2996943426743979,0],[1.4276450240161558,0],[2.5262471356508467,0],[2.7171186027448417,0],[2.908709838604575,0],[3.575796663056863,1],[4.014819206464529,1],[4.045891133196564,1],[6.048711963452626,0],[6.633876945049912,1],[6.655477287762262,1],[6.782167485074548,1],[7.080588291404439,1],[7.681221155309622,1],[8.129307800746181,0],[8.464115526866966,1],[9.522854832292373,0],[9.807077843711076,1]],"objective_func":0.7152872867043486,"elapsed_time":4.812,"problem_name":"SB_16"}
