{"solution":[[1.2633731910327257,0],[1.3812285652300906,0],[2.575426761962893,0],[2.788642449389743,0],[4.232869842827945,1],[4.334929294465653,0],[4.549564644868105,0],[5.185744619044916,0],[5.65530528505299,0],[5.8466987762188625,0],[6.583615466227838,0],[7.271796659666207,0],[8.218495481149304,1],[8.519573638823632,0],[8.74146519672962,0],[9.10883839393305,0],[9.37093657374486,0],[9.544664428123106,0],[9.626207725835291,0],[9.863059315072194,0]],"objective_func":0.0035094698859623385,"elapsed_time":3.828,"problem_name":"SE_16"}
