{"solution":[[1.2611740309878487,0],[1.8266701089793265,1],[2.024092678846893,0],[2.55256490572582,0],[2.942831739592756,0],[3.2755889542797223,0],[3.363483605274304,0],[4.81051833639544,1],[4.939994281574852,0],[5.521701715066031,1],[7.084247603969707,1],[7.117118078751701,0],[7.224238056745363,1],[7.361355118406348,0],[8.418475126679107,0],[8.854695624598882,1],[9.01870873595373,1],[9.427276358124722,0],[9.504279426826717,1],[9.799601869820213,0]],"objective_func":0.5468045755039952,"elapsed_time":3.641,"problem_name":"SS_17"}
