{"solution":[[1.3480435892756857,0],[1.5381162938595436,1],[2.076379268533536,1],[2.4428400633386373,1],[2.4522598285010035,1],[3.3139075957639608,1],[4.36142459106938,1],[5.599108930021562,1],[5.8234404374315005,1],[6.2433715941025945,1],[6.374595571000293,1],[6.555904586044078,1],[6.891774736287525,1],[7.985892514626469,1],[7.989848974406416,1],[8.206576934735345,1],[8.552362382432845,1],[8.907376760112047,1],[9.591298891056725,1],[9.730834795689217,1]],"objective_func":0.3908147568556018,"elapsed_time":3.312,"problem_name":"SB_19"}
