{"solution":[[1.8261093792120333,1],[2.646663170235837,1],[2.769079793588124,1],[2.8105282931675752,0],[3.838439267001765,1],[4.426903310675996,1],[4.631680764981985,1],[4.803017974210854,0],[5.458179663014592,1],[5.749585516150498,1],[6.080889216680106,1],[6.54855508650735,1],[6.7905894783521905,0],[7.00340399112587,1],[7.410964430251652,1],[7.734596181044317,1],[9.226740384880303,0],[9.227480053969304,1],[9.409200867488579,1],[9.472972399173411,1]],"objective_func":4.1421339229226336e-05,"elapsed_time":3.406,"problem_name":"SE_9"}
