{"solution":[[1.3529106549808185,0],[1.838441417523459,0],[2.4362907200549135,0],[2.6987823403699975,0],[2.752638971185344,0],[2.778444213258926,0],[3.0788940025872646,0],[3.1785144873917233,0],[3.459270921460352,0],[3.6147465920498862,1],[4.038785901262383,1],[4.26915590336834,1],[4.644275381477916,1],[5.169650472824109,1],[5.501966878157397,0],[5.679350616256951,0],[6.584782540106054,0],[7.074421382493704,0],[7.133599898637784,0],[8.742783773783044,0]],"objective_func":0.7405304755056641,"elapsed_time":3.234,"problem_name":"SS_14"}
