{"solution":[[1.1742455169671584,0],[1.6908453094344775,1],[2.4303329163449456,1],[2.5025627495357265,1],[2.604617633790795,1],[2.7582003065030642,1],[3.251144806802263,1],[4.235471286123239,1],[4.3266599308454285,1],[5.071698989629783,1],[5.820570391717769,1],[6.0063580727835495,1],[7.277821288153702,1],[7.506863649567547,1],[7.6928231494398585,1],[8.264194689750608,1],[8.691403807733717,1],[9.06333498727666,1],[9.3222749818333,1],[9.63749265373616,1]],"objective_func":0.49405569894809853,"elapsed_time":6.343,"problem_name":"SB_1"}
