{"solution":[[1.6782085383388745,1],[2.4357202759021432,1],[2.550507319354691,0],[2.691712410350368,1],[3.125340776531396,1],[3.243002042750221,0],[3.6329404733854065,1],[3.820142647749048,1],[3.8694903450868896,1],[4.759840861406818,0],[4.786546928711834,1],[5.2710445836184405,1],[5.36897564530442,1],[5.406308806125048,0],[5.729817728490985,1],[6.578723956715788,1],[6.66883414489913,1],[6.88033951578813,0],[8.0612627867586,1],[8.383051404184753,1]],"objective_func":0.01465008761224759,"elapsed_time":3.859,"problem_name":"SE_4"}
