{"solution":[[1.0927773836786168,1],[1.1331501112504718,1],[2.8329527599458935,0],[2.9876673571961305,1],[3.2944946063372695,1],[4.198477867418934,1],[4.307825639964669,1],[5.1275679240533245,1],[6.353136113306776,0],[6.527223253877526,0],[6.762158319293875,1],[6.807291120077094,0],[7.287633354115091,0],[7.411464609832565,0],[7.672634415375705,1],[8.256599281961833,0],[8.795164331557704,0],[9.22501601329665,0],[9.689118869112502,1],[9.78627621606314,1]],"objective_func":0.9438614424397959,"elapsed_time":3.859,"problem_name":"SS_4"}
