{"solution":[[1.0977319673314225,0],[1.5350904307030395,0],[1.5362041640458797,0],[1.9240060445790146,0],[2.414223123097122,0],[3.3559180408596063,0],[3.910029289387071,0],[4.212454855573418,0],[4.403949444955665,0],[4.669733336651831,0],[5.121670338896802,0],[5.730917102988778,0],[6.305970028929257,0],[6.599366467829849,0],[6.684352498636537,0],[6.901487368226331,0],[7.115799247462398,1],[7.498015970511996,0],[8.54034489013834,1],[9.761810788158787,1]],"objective_func":0.8696815609472118,"elapsed_time":3.937,"problem_name":"SS_10"}
