{"solution":[[1.6050721948953706,1],[1.698417616488351,1],[2.5256570514355685,1],[2.7930231207283724,1],[2.8189403957625387,1],[2.8410286981942505,1],[4.004066988005681,0],[4.133196943954633,1],[4.624617973207589,1],[4.786251516804944,0],[5.276527155342463,1],[5.466684899886925,1],[5.502721302115768,1],[6.7256191613581775,1],[7.922123201743614,0],[8.090682351193657,1],[8.26106302242152,1],[8.277528690122429,0],[9.540537119698593,0],[9.842072589906026,0]],"objective_func":0.8750701635034794,"elapsed_time":3.828,"problem_name":"SS_3"}
