{"solution":[[1.4009931236983881,1],[1.9590586538911885,0],[2.465835286738123,1],[3.3999031528094266,1],[3.425457487364331,1],[4.656182763543197,1],[5.100398542954072,1],[5.645418458852874,1],[6.759877734056842,1],[6.998578288711689,1],[7.216469020731464,1],[7.277617197980244,1],[7.342316128330368,1],[7.803517522578561,1],[7.979161154430309,1],[9.072096760038823,1],[9.178225588786459,1],[9.558636483881402,1],[9.634771187472124,1],[9.714796516375886,1]],"objective_func":0.8034496532778707,"elapsed_time":3.391,"problem_name":"SB_9"}
