{"solution":[[1.1972560967916057,1],[2.1476138255594766,0],[2.75053563057036,1],[3.0381035978164754,0],[3.087223794203625,1],[3.6745006193576644,0],[4.017751106707417,1],[4.027720266523718,0],[4.392714312248897,1],[4.7734469506906505,0],[5.725100804645207,1],[5.814496821546538,1],[6.35198286341187,0],[6.545174401130175,1],[6.69429044591335,0],[7.536539483087683,1],[7.665420409935005,0],[7.6749525851720035,1],[7.801185161990942,0],[9.980869350042639,1]],"objective_func":1.1243789551649234e-08,"elapsed_time":3.735,"problem_name":"SE_10"}
