{"solution":[[1.3336389127309136,1],[2.1237221148277774,1],[2.8491696229054506,1],[2.871731341737784,1],[3.3607992886164433,0],[3.4474704238353815,1],[3.6917093747271115,1],[4.292009040526173,1],[5.661179616783777,1],[5.80242887040333,0],[5.875723389866864,1],[5.997789363354422,1],[6.00919591448024,1],[6.363931870899867,1],[6.8981311697752945,1],[7.558442437822437,0],[9.156792308725205,1],[9.195080607306604,1],[9.257489030237531,1],[9.869055125885403,1]],"objective_func":0.0003006252444273611,"elapsed_time":3.375,"problem_name":"SE_12"}
