{"solution":[[1.1829254723327671,1],[1.3529990880990646,0],[1.5766801807011959,1],[1.9325027891953466,1],[2.899402670764797,0],[3.1814782114211546,1],[3.6968518098699974,0],[3.816761746319217,1],[3.9099795481793844,1],[4.595381690741064,0],[4.944160965852237,1],[5.4227663565359165,0],[6.220506202021759,1],[7.1545453135325365,0],[7.500229677309115,1],[7.698496536809472,1],[8.463203162302648,0],[8.550541445543796,1],[9.628286039741948,0],[9.907549695793877,1]],"objective_func":3.0936101892226726e-07,"elapsed_time":3.812,"problem_name":"SE_20"}
