{"solution":[[1.7468459370636693,1],[1.9483382149101929,1],[2.7826234159303542,1],[3.188967839437483,1],[3.380280288267694,1],[3.80528743624779,1],[3.8106349562921285,1],[4.518986537063805,1],[4.5730757179584,1],[4.727396609262605,1],[5.463156439838252,1],[5.775571530956531,1],[6.831258135208254,1],[6.842633810070247,1],[6.856299072034197,1],[6.952141025942541,1],[7.984974357062525,1],[8.461930949182705,1],[9.217431728011833,1],[9.564575548423523,1]],"objective_func":0.798713489607747,"elapsed_time":3.593,"problem_name":"SB_8"}
