{"solution":[[1.818979919864885,1],[1.9799122370765718,1],[2.585186160914159,1],[3.0825168757245867,1],[3.128883252446127,1],[3.619543789693302,1],[3.7608121371448973,1],[4.387624430988682,1],[4.50098656040649,1],[4.683280660108993,1],[5.872752903640166,1],[6.258327173226302,1],[6.7125886854641275,1],[7.659996833454668,1],[7.822958143483209,1],[8.128663741915165,1],[8.788724645693824,1],[9.218013492312696,1],[9.424362534652223,1],[9.909342161636738,1]],"objective_func":0.7553559000919384,"elapsed_time":3.844,"problem_name":"SB_16"}
