{"solution":[[1.4983293648715463,1],[2.2156346033762295,1],[2.277416937731336,0],[2.33632613440547,1],[3.030507065912437,1],[3.1039797507843536,1],[3.373783491745964,1],[4.639660503938904,1],[5.758305800209952,1],[6.036262125127277,1],[6.23271259030031,0],[6.796114880088936,1],[7.273997490361143,1],[8.046819514178496,0],[8.35627702820188,0],[8.50203753530744,0],[8.649510088552171,0],[8.652790437851127,1],[9.350929962832183,0],[9.59038741635194,1]],"objective_func":0.7208763947373152,"elapsed_time":3.422,"problem_name":"SS_13"}
