{"solution":[[1.0078474521158298,0],[2.163114764919162,1],[2.3264618144106457,1],[2.4431507120193316,1],[2.789972599597558,1],[2.8852028054211374,1],[3.2645448611404673,1],[3.5401515078081087,1],[3.6173612624658285,1],[4.250043594184525,1],[5.209558867889575,1],[6.099635152712282,1],[6.171194045122943,1],[6.208504770722824,1],[6.760485192308498,1],[7.963726448198898,1],[8.878934665226708,1],[9.401207441788674,1],[9.863001853049575,1],[9.987394714843548,1]],"objective_func":0.4152494875525984,"elapsed_time":3.828,"problem_name":"SB_4"}
