{"solution":[[1.7167168459815798,1],[1.8939390933160891,0],[2.017288329966957,0],[2.200298371725828,0],[2.835803748935962,0],[3.078636062689662,1],[3.0825647520612747,0],[3.522795554434243,0],[3.5729398569689534,0],[4.910682115515266,0],[5.1708638917917495,1],[6.280772573969054,0],[7.306195822772546,0],[7.47338934903596,0],[8.480173508612566,0],[8.483597487578036,1],[8.61324510335939,0],[8.755540785962822,0],[8.813369454816737,0],[9.166804214479246,0]],"objective_func":0.0002736658508133535,"elapsed_time":3.391,"problem_name":"SE_17"}
