{"solution":[[1.1455611251577325,0],[1.6325351339116958,1],[2.2445112151754136,0],[3.5151922376645524,1],[3.7321513535123403,0],[4.256447323131476,1],[4.50292919274546,0],[4.701247195865205,1],[5.114966059944167,0],[5.395080993781508,1],[5.473777419788928,0],[6.95836672138294,1],[7.616388055034577,0],[7.955423417970284,1],[8.188412034487511,0],[8.48874395508501,1],[8.83197717148333,0],[9.301335239153511,1],[9.524814130659584,0],[9.812021359631245,1]],"objective_func":3.4602013346442506e-11,"elapsed_time":3.328,"problem_name":"SE_3"}
