{"solution":[[1.840528583957131,1],[2.044952736092067,1],[2.0936124809263066,1],[2.950315197578589,1],[3.050891279084402,1],[3.073245018644031,1],[3.2716852517130497,1],[3.638114530529656,1],[3.8490495905793862,1],[3.957663390926699,1],[3.997968795179954,1],[4.004534659361145,1],[6.741237728220355,1],[6.8014828101395635,1],[6.98096432152929,1],[7.1839614516803,1],[7.185704517726629,1],[8.275307988844066,1],[8.953027341089026,1],[9.083421279702364,1]],"objective_func":0.791694464031085,"elapsed_time":4.812,"problem_name":"SB_13"}
