{"solution":[[1.1940357935301817,1],[1.2337719847389639,1],[2.8742883160546486,1],[3.078695122021343,1],[3.863684914518526,0],[4.424719961324914,1],[4.56302878442289,0],[4.5852797358934065,1],[4.75055432589318,1],[5.46366889998455,0],[5.772317757433751,1],[6.12959497625633,1],[7.377388978434083,1],[7.514908718477417,0],[7.707903979968396,0],[8.594244595949522,1],[8.84700354031564,0],[9.14683132621654,0],[9.51052152038531,0],[9.786290505833607,0]],"objective_func":0.8748149953066442,"elapsed_time":3.437,"problem_name":"SS_17"}
