{"solution":[[1.4641749617528899,1],[1.872967753726968,0],[2.0526108019694425,1],[2.8104841506564657,1],[3.4536768405793694,1],[3.5267886406885025,1],[4.018521305927423,1],[4.198660788938922,1],[4.59937776785279,1],[5.111266357574085,1],[5.4847103058594175,1],[5.79013151523963,1],[6.142606162427905,1],[6.4106541009888645,1],[7.406736171767018,1],[7.642595350917575,1],[8.101808898653992,1],[8.840244578405073,1],[9.33587459161789,1],[9.459081486470076,1]],"objective_func":0.43644947471797413,"elapsed_time":3.5,"problem_name":"SB_6"}
