{"solution":[[1.6458495829817017,0],[2.6304152810182453,1],[2.721202683498876,1],[2.923886555868748,1],[2.946060554105128,1],[3.2844362984019275,1],[4.127344705908596,1],[4.418542177199148,1],[4.761732754396888,1],[4.946074597276056,1],[5.515979772634543,1],[5.9506035297315645,1],[6.090572268620274,1],[6.607405781297791,1],[6.632191078220234,1],[6.761469699620207,1],[7.326870503381246,1],[7.342240445921617,1],[7.364273386130891,1],[7.918902828449911,1]],"objective_func":0.7071118930339787,"elapsed_time":3.844,"problem_name":"SB_12"}
