{"solution":[[1.6781842199283652,1],[2.2354881417547876,1],[2.4142003400908214,1],[2.8307090354542295,1],[3.4184991364186015,1],[3.4642617323782794,1],[3.9849962406990715,1],[3.9879815572937014,1],[4.576434917358883,1],[4.793220417698155,0],[5.118453193292107,1],[5.416905577907865,1],[5.789539731407623,1],[5.847492809847864,0],[6.230314216303388,1],[7.439259348889525,0],[7.9892318248445555,0],[8.363799759201555,1],[9.787443045852548,0],[9.882405042863413,0]],"objective_func":0.8101058482121272,"elapsed_time":3.547,"problem_name":"SS_15"}
