{"solution":[[1.23802126650176,1],[1.3355639320510029,1],[1.417272643528488,1],[1.551705391215699,1],[2.294032124964897,1],[2.3871206565551097,0],[2.615054129252328,1],[3.0948972282976395,1],[3.7685513981449867,1],[3.8445050360550788,1],[4.073234853238907,1],[4.474901458677888,1],[5.180718820000461,1],[5.442928972150963,1],[7.0047158379918475,1],[7.12827975998077,1],[7.230959525803725,1],[7.998619859230227,0],[8.057608054632155,0],[9.544681801425716,0]],"objective_func":0.7402510037430936,"elapsed_time":3.719,"problem_name":"SS_7"}
