{"solution":[[1.6603709536707152,1],[1.7028696830760472,1],[2.264779140412627,1],[2.3484639628045514,1],[3.183397439534048,1],[3.7648721013901456,1],[3.802620542613571,1],[3.893757049192808,1],[4.203092493387418,1],[4.936705686458263,1],[5.464845508079092,1],[6.467137541585171,1],[7.409056683646367,1],[8.093300257172377,1],[8.68166883098358,1],[8.764790712803435,1],[9.051091073777828,1],[9.072788578150265,1],[9.280194782693776,1],[9.432574848941918,1]],"objective_func":0.48734800603922646,"elapsed_time":3.859,"problem_name":"SB_12"}
