{"solution":[[1.0407000910511395,0],[1.6667016504594443,0],[1.6789518021684908,0],[1.9334735164586805,0],[2.02744789718178,0],[2.0776142585069772,0],[2.5046154156293836,1],[3.536462421667969,0],[3.547016751154697,0],[3.745587345610633,0],[4.190243312289301,0],[4.491160357895202,0],[5.056260799811739,0],[5.194065129654399,1],[5.938827531109786,1],[6.157401409664749,0],[6.255033058237773,0],[6.430087884283705,0],[8.88140632776916,1],[9.037629428577624,1]],"objective_func":0.6081300448560779,"elapsed_time":3.875,"problem_name":"SS_9"}
