{"solution":[[1.3242344034652203,1],[1.4553445457270073,0],[1.6295234648132377,1],[1.918099557387476,0],[2.095290707630836,1],[2.1447805548767844,0],[2.63954654998896,1],[2.7077542339822744,0],[3.325785462993956,1],[5.516881124479828,1],[5.627532759699858,0],[5.7703611993847375,1],[5.872878617177364,0],[6.0126050663006385,1],[6.381551369207114,0],[6.660643652943133,1],[6.972601438197288,0],[7.165819755037676,1],[7.742654378198593,0],[9.739141008113585,1]],"objective_func":5.993419548929329e-07,"elapsed_time":3.656,"problem_name":"SE_1"}
