{"solution":[[2.254527972899422,1],[2.387063928801943,1],[2.4437737974939044,0],[3.325783837965985,0],[3.876122069369474,0],[4.0902623934866025,1],[4.6745193219300285,0],[5.208972219289656,1],[5.326146479637988,1],[5.378135925356855,1],[5.88915412296857,1],[6.2417242789722875,0],[6.805670823194239,1],[7.920152462510368,0],[7.931405734428815,0],[7.956679592882513,1],[8.988052486021125,0],[9.012180605176283,0],[9.114726933941744,0],[9.403679983602377,0]],"objective_func":0.9263713761598366,"elapsed_time":3.328,"problem_name":"SS_16"}
