{"solution":[[1.043119428269352,1],[1.1309132542953035,1],[1.2030045302480457,1],[1.9509441567070462,1],[2.699169949713309,1],[4.223565537019028,1],[4.309723974067313,1],[4.496886191845458,1],[4.561828200211662,1],[4.95774981405628,1],[5.633338556226306,1],[5.926015817875755,1],[6.185480724771826,1],[6.935821580912977,1],[6.984845003347584,1],[8.20570490991479,1],[8.68144242709228,1],[9.120576605673007,1],[9.442140754798839,1],[9.526305312003673,1]],"objective_func":0.7019492638663946,"elapsed_time":5.141,"problem_name":"SB_11"}
