{"solution":[[3.3332079380005286,1],[4.228679128240252,1],[4.301542961495855,1],[4.534074082401435,1],[5.11917940779974,1],[5.5585994857360665,1],[5.8262317427836825,0],[6.2187217890170094,1],[6.310453464578574,1],[6.756538062087809,1],[7.427486027027709,1],[7.630624977436774,1],[7.869180150755038,1],[7.980727718403738,1],[8.444735003886333,1],[8.728546541783665,1],[8.789128625625704,1],[8.903759774978429,1],[9.180803538361053,0],[9.46545958691891,1]],"objective_func":0.4281530004219767,"elapsed_time":3.422,"problem_name":"SB_2"}
