{"solution":[[1.1185278580287759,1],[1.244840776150852,1],[1.2503058966949223,0],[1.7872148873011602,1],[1.9992412531279669,1],[2.108259420624043,1],[2.436076886511225,0],[2.7310242178202015,1],[3.612235466156845,1],[3.832574021168306,1],[4.121836068977041,1],[6.029688416967906,0],[6.464129293646558,1],[6.665324913895642,1],[8.182128381145844,1],[9.085098163440092,1],[9.180946135080482,0],[9.231364130843657,1],[9.317236967189809,1],[9.449937396615109,1]],"objective_func":0.000399208378972035,"elapsed_time":3.906,"problem_name":"SE_9"}
