{"solution":[[1.0896522606466656,1],[1.2138979997513277,0],[1.3685259913619887,0],[3.5558412193258895,1],[3.6863450971032146,1],[3.809409246495875,1],[4.302016957748291,0],[4.9452858447745385,0],[4.961459484609057,0],[5.4265155456060015,0],[5.8259473452821915,0],[5.846505990906859,1],[6.900145312998911,0],[7.309914349039863,0],[7.690211565226814,0],[7.720965527771133,1],[8.757069192284298,0],[9.309600759856352,0],[9.586657597206612,1],[9.84553481083562,1]],"objective_func":0.8741525122495695,"elapsed_time":3.656,"problem_name":"SS_2"}
