{"solution":[[1.1763999592983885,1],[2.074508172302166,0],[2.4192999877683987,1],[3.1248097707361024,0],[3.7937800084503457,1],[5.12997795792277,0],[5.3113636696991815,1],[5.392936892051482,0],[5.529937263091423,1],[5.592318622840796,1],[7.18774519035242,0],[7.276005915626836,1],[7.865961948367049,0],[8.425298102600388,1],[8.764244021390198,0],[8.898797209560405,1],[9.017738582211646,0],[9.276418493156823,1],[9.30514135040384,0],[9.96235976265246,1]],"objective_func":1.8427081131116944e-09,"elapsed_time":3.625,"problem_name":"SE_7"}
