{"solution":[[1.5923211603410787,1],[1.8243879442567934,1],[2.0885893057792204,1],[2.881456814514939,1],[3.120054071005997,1],[3.397530789710909,1],[3.5877101020847957,1],[3.726000717283189,1],[4.739276745525218,1],[5.7291938107669305,1],[5.839780751243849,1],[6.014528836431978,1],[6.3073324531494475,1],[6.394382704416612,1],[6.940861935889237,1],[6.974766825024047,1],[7.005619239485158,1],[7.761530705752117,1],[8.385684094428663,1],[9.446552058321839,1]],"objective_func":0.7069628650376388,"elapsed_time":3.656,"problem_name":"SB_17"}
