{"solution":[[1.149766889350535,0],[1.2824588764129894,1],[2.3630514012486756,1],[3.237866601340956,0],[3.3683666947371576,0],[3.432979941047238,1],[3.829424825468083,1],[4.463734605115423,0],[4.502337609099593,1],[4.681966782474683,1],[5.328299554999272,0],[5.569718970119686,0],[5.585104286668088,0],[7.360793320164114,1],[7.610858131396494,0],[8.106396260615163,1],[8.438192470157585,1],[9.097677426458127,1],[9.270988738940849,1],[9.69535277889949,0]],"objective_func":0.40079028804818745,"elapsed_time":3.359,"problem_name":"SS_20"}
