{"solution":[[1.2038965921154952,0],[1.3966757048886043,1],[2.235125608853013,1],[2.47228455136828,1],[2.8433201920824738,1],[3.398420888822137,1],[4.591155464638177,1],[5.23237990674086,1],[5.56090239605548,0],[5.605812650821998,0],[5.818217550120564,0],[6.958575289701924,0],[7.3649105327948945,0],[8.128497260046153,1],[8.189413890118985,1],[8.308669871337326,1],[8.690466654647123,1],[9.463485942820329,0],[9.551433872895693,1],[9.572677264271023,1]],"objective_func":0.5328605367375109,"elapsed_time":3.484,"problem_name":"SS_16"}
