{"solution":[[1.5778352387313892,1],[1.7256060117585594,0],[1.8778431607392638,1],[2.6059790840574095,0],[3.509981043575298,1],[3.719803584433451,0],[4.018003380946466,1],[4.29267481444578,0],[4.388871720599994,1],[4.7663493982497975,0],[4.847768397907547,1],[5.071141163270077,0],[5.655584322368468,1],[5.681948024420131,0],[5.830313256663055,1],[5.981592186815937,0],[6.03216587699845,1],[7.215319605705979,0],[7.4973293755516375,1],[9.493343349164148,0]],"objective_func":5.9455442678595584e-09,"elapsed_time":3.656,"problem_name":"SE_15"}
