{"solution":[[1.0795532319782166,0],[1.55648205754371,0],[1.749067441475521,1],[2.016425749842508,0],[3.6958368604344676,0],[4.006004415157734,1],[4.424881672877555,1],[5.29742556379872,1],[5.54929423180874,1],[6.092210194538544,1],[6.756036460377809,0],[7.141337345242285,1],[7.401751687171003,1],[7.6506877960476976,1],[7.6518511352346925,1],[7.720980018293732,1],[8.46289446966145,1],[8.70909899963954,0],[9.154521071626618,1],[9.464724012452754,1]],"objective_func":0.6613528957737007,"elapsed_time":3.343,"problem_name":"SS_19"}
