{"solution":[[1.7016742174161028,0],[1.868165161802967,0],[1.9797472280307344,0],[2.4156099192175398,0],[2.424456696443757,0],[2.6663974337844856,0],[2.7716871062324246,1],[3.882484195452827,0],[3.9102637153404713,0],[5.155391529776401,0],[5.165638363765023,0],[5.3680717103929725,0],[6.687884094523462,0],[6.984867627715452,1],[7.065698117347696,0],[8.293719459453673,0],[8.324539350387255,0],[8.695115759561103,0],[8.85440899085932,0],[9.276605138064538,0]],"objective_func":0.0694787699169069,"elapsed_time":3.812,"problem_name":"SE_7"}
