{"solution":[[1.0165681372362734,0],[1.443068575790254,0],[2.292926299513332,0],[3.016593057891016,0],[3.333314457834455,0],[3.961817260144013,0],[4.040283108942136,0],[4.690473604251321,0],[5.164855162749245,0],[5.204216775313953,1],[6.978832322537333,0],[7.16227331877717,1],[7.427379006336228,1],[8.25863193898479,0],[8.32327647179932,0],[8.717261501046508,0],[9.096415297098412,0],[9.199139813303777,0],[9.33820128417452,0],[9.827363741784888,1]],"objective_func":0.8841578449118566,"elapsed_time":4.031,"problem_name":"SS_7"}
