{"solution":[[1.243850494275857,0],[1.885532670643689,0],[2.0729356494348696,1],[2.437653946285856,1],[2.453014995947891,0],[2.6966031707709863,0],[2.9405985480897985,0],[4.427589839135255,1],[4.538378892065183,0],[4.86567073139626,1],[5.276170968379464,0],[5.714341339336461,0],[6.028525768727337,0],[7.498766276890382,0],[7.50042604742881,1],[7.536651029008673,1],[7.865654529262078,0],[8.400219255066771,1],[8.832246398142601,1],[9.366988439948644,1]],"objective_func":0.9007610986104551,"elapsed_time":3.859,"problem_name":"SS_1"}
