{"solution":[[2.459970954536279,0],[2.654221299336472,1],[2.988441814520413,0],[3.282906299165297,1],[3.336250653244778,0],[3.851741400458213,1],[3.9986984137259367,0],[4.476288997196869,1],[5.5281104502545055,0],[7.222940910268458,1],[7.4562536144455995,0],[7.684825767240013,1],[7.902216442615518,0],[8.173896620786254,1],[8.466768205808787,0],[8.617450851765454,1],[8.946863878058627,0],[9.15721337834353,1],[9.172331943901527,0],[9.208140700978623,1]],"objective_func":2.1829409316687462e-08,"elapsed_time":3.687,"problem_name":"SE_2"}
