{"solution":[[1.1317160589158066,1],[1.8388980010137925,0],[2.12035599227584,0],[3.270230886328757,0],[3.5308912041398846,0],[3.7204069569858857,0],[3.7480928911177798,0],[3.9498072915693507,1],[3.9693293117695307,0],[4.160021514530532,0],[4.3475082734088994,0],[4.357835321657355,0],[5.308478180160905,0],[5.900644737821638,0],[6.380924127651541,1],[7.378550334636172,0],[8.08564287999579,0],[9.565622171683087,0],[9.959712294570794,0],[9.997243046091858,0]],"objective_func":0.20942875499886038,"elapsed_time":3.859,"problem_name":"SE_2"}
