{"solution":[[1.3200792925631695,1],[1.9337532798449666,1],[2.4323035425197714,1],[2.5869695733624796,1],[2.65843148050135,1],[2.8653116748116183,1],[3.654192021075384,1],[4.408207650499209,1],[4.520390125963427,1],[4.811581495086228,1],[4.873259381592262,1],[5.171723243527533,1],[5.5537958952368065,1],[6.374883766461007,1],[6.509025215029944,1],[7.085476297902584,1],[8.130352745026338,1],[8.268297435996754,1],[8.88072272460083,1],[9.124689776191602,1]],"objective_func":0.7116933949286013,"elapsed_time":3.75,"problem_name":"SB_7"}
