{"solution":[[1.014485372811099,0],[1.1265556857329542,1],[1.5176651336057885,1],[1.580693116784329,1],[1.7970192675757772,1],[3.863258409609072,1],[5.09551019802625,1],[5.213456246107196,0],[5.559420471961054,1],[5.708186558476615,0],[5.709459164900885,1],[7.206384208039145,1],[7.6810359741160825,0],[7.9012438452029485,1],[7.922907569420601,1],[8.635201894098664,1],[8.848901545218478,1],[9.053779051809036,1],[9.425808351312046,1],[9.553510108851663,0]],"objective_func":0.5277229900836052,"elapsed_time":3.781,"problem_name":"SS_5"}
