{"solution":[[1.0768337599355715,1],[1.3253942119877231,0],[1.44596814194777,1],[2.1096779118550124,1],[3.318721573299076,0],[3.61860911645052,1],[4.037655824811673,1],[4.54918386755663,1],[4.984690638496922,0],[5.263220168821879,0],[6.4955592974137435,1],[7.094199182352092,0],[7.662766748766779,0],[7.68246894609501,0],[7.718660868970616,0],[7.93325410619695,0],[8.056456200157381,1],[8.550641058692822,1],[8.872977246273255,1],[9.067723184713296,1]],"objective_func":0.5830418946241737,"elapsed_time":3.437,"problem_name":"SS_12"}
