{"solution":[[1.7152133912334013,1],[2.7109162747270883,1],[2.9479889826397128,1],[3.0525050675492054,0],[3.1168187096679456,1],[3.535101504586289,1],[3.6787155466572394,1],[4.545687087846773,1],[5.53916625903766,1],[6.147022726100113,1],[6.2518468830441485,1],[7.072285665777883,1],[7.280032316353865,0],[7.6791498292083995,1],[7.738174839477391,1],[8.194761728362305,1],[8.453447214832071,1],[8.487740014252235,1],[8.688556464326957,1],[9.491515900439992,1]],"objective_func":0.4760669154837432,"elapsed_time":3.453,"problem_name":"SB_9"}
