{"solution":[[1.0089244418583276,1],[1.1857863909771225,1],[2.259664306014404,1],[2.295531368613252,1],[2.519037624071922,1],[3.5771802223336087,1],[3.602232477249522,1],[4.468893179419391,1],[4.510348069115998,1],[5.456215520040599,0],[5.966207747612018,1],[6.388709151537405,1],[6.545151312305084,0],[7.083469143484271,0],[7.103669615215517,0],[7.556362095254935,0],[7.835431982984511,1],[9.171576305379512,0],[9.267475625310645,0],[9.277257803928768,0]],"objective_func":0.9229127677692488,"elapsed_time":3.812,"problem_name":"SS_12"}
