{"solution":[[1.695339919122587,0],[2.0139168525010533,0],[2.374872231934175,0],[2.710026815208675,0],[2.9137356329504214,1],[3.1679924841008704,0],[3.1777044265789685,0],[3.6183438701001673,0],[3.6804662797583614,0],[3.688074408792572,0],[5.846633460471154,1],[6.738538826296091,0],[7.083543849913592,0],[7.08653877524473,0],[7.303008526308439,0],[8.250346005331586,1],[9.006128207393344,0],[9.504405488184107,0],[9.597209564409669,0],[9.779237168576355,0]],"objective_func":0.31065126373232643,"elapsed_time":3.624,"problem_name":"SE_11"}
