{"solution":[[1.8570537462828303,1],[2.861732284593176,1],[3.5535133396489202,1],[4.138479264199896,1],[4.27606285804465,1],[4.477313203183216,0],[4.598365278082289,1],[5.218850938161187,1],[5.314097693330717,1],[5.971898066194092,1],[6.17684690982612,1],[6.249671271679773,1],[6.454408326446925,1],[6.667719497259281,1],[6.722791101728001,1],[6.994037805404369,1],[8.719994788071185,1],[9.009613950725408,1],[9.156895879950365,1],[9.331105047119888,1]],"objective_func":0.35629819846103594,"elapsed_time":3.719,"problem_name":"SB_18"}
