{"solution":[[1.2655703888330878,0],[1.9610844516215926,0],[2.7512872499036236,0],[2.757392634036492,1],[3.528433486451473,0],[4.017141436647169,0],[4.261894461593239,0],[4.419044033417674,0],[4.443654817805621,1],[5.152073074075213,0],[5.337227465673413,0],[5.528175717323672,0],[5.771888755734769,1],[6.473601164168061,0],[7.456168308397682,0],[8.175718111554833,0],[8.497046873464638,1],[9.053930995877904,0],[9.270396807250004,0],[9.612529490053914,0]],"objective_func":1.630739415486295e-05,"elapsed_time":3.484,"problem_name":"SE_5"}
