{"solution":[[1.1637282466031387,1],[1.26223825192074,0],[1.2639190521025667,1],[2.1246947095516515,0],[2.256126728746009,1],[2.6887290015035656,0],[2.770595846744904,0],[3.0044200910223706,1],[3.3892025186838692,0],[3.7162449914880398,1],[4.586372197886911,0],[5.102052406942374,1],[5.9584085223965175,0],[6.176656361506713,0],[6.5095477162137705,1],[6.7709825852791905,0],[6.838487887128858,1],[7.59934465898686,0],[9.520775135007993,1],[9.589641821647508,0]],"objective_func":1.412170832032305e-07,"elapsed_time":3.735,"problem_name":"SE_6"}
