{"solution":[[1.7955518276979858,0],[2.2119369253512384,0],[2.9998304487118013,0],[3.1571283929610754,0],[3.5593593305212767,0],[3.7328047550294565,0],[3.831734156926716,0],[4.058102338114596,0],[4.335459330432683,0],[4.9134059726701205,1],[5.256564149617501,0],[5.638317309618012,0],[6.047508275746637,0],[6.654983298186624,0],[6.787970901666736,1],[7.006268625338835,1],[7.7288519427447815,0],[9.405552779246852,0],[9.691987074643423,1],[9.820085935449594,1]],"objective_func":0.8276721357214551,"elapsed_time":3.718,"problem_name":"SS_19"}
