{"solution":[[1.698286985370733,1],[2.1324238185153597,0],[2.2717419824323013,1],[2.3939003073124137,0],[2.7470762244055824,1],[3.830175958520339,1],[4.191574055480031,0],[4.255135819381828,1],[4.275905599762907,0],[5.543067232946916,1],[5.543723974238938,0],[5.708307614466929,1],[6.109022496573439,0],[6.281448858376946,1],[6.83257081395031,0],[7.436181670694826,1],[7.75427384573888,0],[8.632546815793965,1],[9.049338132689194,0],[9.80490590261465,1]],"objective_func":3.2731697819272535e-09,"elapsed_time":3.797,"problem_name":"SE_15"}
