{"solution":[[1.5745119761611974,1],[1.784824195180284,1],[1.9580559854649282,1],[2.3203087766474733,1],[3.2074618119668976,1],[3.315767487776825,1],[3.6456870877906398,1],[4.5177141950106225,1],[4.61797809373296,1],[4.62190976320431,1],[4.641812567175362,1],[4.919754866119269,1],[5.259094937372636,1],[7.011479299953815,1],[7.655247300322816,1],[8.071877005577305,1],[8.60082664626738,1],[9.213850464661657,1],[9.407573660701466,1],[9.456046868711116,1]],"objective_func":0.912333085949682,"elapsed_time":6.328,"problem_name":"SB_1"}
