{"solution":[[1.1149174876977344,1],[1.4860446296166638,1],[2.2213272480618684,1],[2.2929447450707885,1],[2.8192002728380405,1],[3.7569759147914716,1],[4.368574472065167,1],[5.1159326029972805,1],[5.136938413187078,1],[5.288691930256726,1],[5.567685607376737,1],[6.157066732177278,1],[6.1957012399903855,1],[6.829979259265128,1],[6.9091255813987384,1],[8.377939614346998,1],[8.866513788868614,1],[9.237491904603889,1],[9.691967893996031,1],[9.971076627422956,1]],"objective_func":0.812376391860939,"elapsed_time":3.812,"problem_name":"SB_15"}
