{"solution":[[1.1861372253611768,1],[1.7662974645494607,0],[1.942600158120177,1],[2.027101356425937,0],[2.15703647229621,1],[2.215172614466903,1],[2.36437121936796,0],[2.9728615343441818,1],[3.173959207095884,1],[3.2736647438117426,0],[3.9961834303971497,1],[4.155172732869522,1],[4.2425855474175656,0],[5.368858189409977,1],[5.911794507978749,1],[6.3088876352366565,0],[6.477352261335424,1],[7.523487015268135,1],[7.635952357345597,0],[8.435751485968499,1]],"objective_func":0.00022241356305066254,"elapsed_time":3.782,"problem_name":"SE_8"}
