{"solution":[[1.0405423842579469,1],[1.1348167003305174,1],[1.3290169157130665,1],[1.3373332830989564,1],[2.0217066736260514,1],[2.169053918122537,1],[4.011780543128993,1],[4.645721807480783,1],[4.717822297360248,1],[4.8265343375505925,1],[5.408734546264668,1],[6.034032991478892,1],[6.731073474708449,1],[7.221981555683184,1],[7.248028714601989,1],[8.159526763702429,1],[8.184478616713132,1],[8.39706735461554,1],[9.188638203228095,1],[9.417688594294775,1]],"objective_func":0.7749542476591701,"elapsed_time":3.468,"problem_name":"SB_20"}
