{"solution":[[1.1870955938356365,1],[1.787683348797231,1],[1.8683891475691685,1],[2.1778137546185903,1],[2.603357578376025,1],[2.6906739575564043,1],[2.793588846932878,1],[3.0752888583733604,1],[3.1308556406706556,1],[3.1736279099973252,1],[3.430820076171019,1],[3.512038313439064,1],[3.8159534320530333,1],[4.087156036510917,1],[4.306960019398438,1],[5.090931972846699,1],[7.643053946174121,1],[7.681478533009153,1],[7.836557216386399,1],[8.804246835817302,1]],"objective_func":0.8514660081463483,"elapsed_time":3.61,"problem_name":"SB_3"}
