{"solution":[[1.201540818545308,1],[1.48815682135663,0],[2.7709351870638295,1],[2.874053069125644,0],[4.1478970659977055,1],[5.6746505763550275,0],[5.844214168637217,1],[6.029442044056529,0],[6.075359718541365,1],[6.5754814212240955,0],[6.644272252876281,1],[6.708136117814121,1],[7.18856356002226,0],[7.710302064324773,1],[7.741461351066072,0],[8.086711013472648,1],[9.238232938384877,0],[9.41425232341062,1],[9.677871898948348,0],[9.842809341652647,1]],"objective_func":0.000963522736776265,"elapsed_time":3.422,"problem_name":"SE_20"}
