{"solution":[[1.0789101146306643,0],[2.3782273421645566,1],[2.4199260153238296,1],[2.525453954790046,1],[3.4678555747256143,1],[3.9362047307202683,1],[4.285234667747623,1],[5.027456634639071,1],[5.5035613518604265,1],[6.101861128058151,1],[6.806056283504629,1],[6.939317173452588,1],[7.07294380710588,1],[7.963806355464415,1],[8.005189860746398,1],[8.873476052028144,1],[9.205085683120767,1],[9.486232710072512,1],[9.573092594248841,1],[9.577681275740284,1]],"objective_func":0.33081196303225424,"elapsed_time":3.735,"problem_name":"SB_3"}
