{"solution":[[1.2481686395593279,1],[1.479168407479925,0],[2.092396953555325,1],[3.5871045612404386,0],[4.523888446574545,1],[4.5398165700277975,1],[4.911560763834275,0],[4.942201731459751,1],[5.383860414684247,0],[5.555500339472279,1],[5.753512567931911,1],[6.780381807152638,0],[6.923411357087714,1],[7.646826108950619,0],[7.720227631353085,1],[8.47522136777842,1],[8.831440897365853,0],[8.849286792223934,1],[9.380713965482883,0],[9.833555991310506,1]],"objective_func":9.369162487370189e-07,"elapsed_time":3.719,"problem_name":"SE_10"}
