{"solution":[[2.024105279240828,1],[2.94751146370007,1],[2.986256389603568,1],[3.3133146939559452,1],[4.463514782251224,1],[4.539097997397542,1],[4.738741786980325,1],[5.18091745568719,0],[5.946792598859655,1],[6.060629150932624,1],[6.312464075293686,0],[6.448657138066748,1],[7.209186156849669,0],[7.270229134663252,0],[7.558205062188658,0],[7.941488181363586,0],[7.963323258648292,0],[8.208535129001321,0],[9.026818604931696,0],[9.032065891836572,0]],"objective_func":0.6862612115093585,"elapsed_time":3.375,"problem_name":"SS_1"}
