{"solution":[[1.0227548009117684,1],[1.1417653937897074,1],[1.2526634254525413,1],[1.8641999198751833,1],[2.7808748794181177,1],[3.480004625981067,1],[3.528223128638871,1],[4.490364932601631,1],[5.192141640651329,1],[5.319225966533594,1],[5.744840764835958,1],[5.990460163611976,1],[6.971966018313536,1],[7.305973813173035,1],[7.312077674718781,1],[8.553108144027465,1],[9.056042733500028,1],[9.10444857379381,1],[9.44332611093766,1],[9.659507523453037,1]],"objective_func":0.8198359815379409,"elapsed_time":3.719,"problem_name":"SB_14"}
