{"solution":[[1.9902263854431725,1],[2.956500036893475,1],[2.9778598735161372,1],[3.003299141804128,1],[3.2770745227583076,1],[3.286178219012271,1],[3.547458065442086,1],[4.698474113934138,1],[4.73397905017058,1],[4.751990468632158,1],[4.76293135278762,1],[5.939141937546149,1],[6.727614575480901,1],[6.864369522790484,1],[7.0257826277558255,1],[7.327366140351751,1],[7.665756982637426,1],[8.010161789870555,1],[8.616409083962354,1],[8.783025450135444,1]],"objective_func":0.4818690781020142,"elapsed_time":3.984,"problem_name":"SB_13"}
