{"solution":[[1.1278974296839817,0],[1.323140439908908,0],[1.6054714298754797,0],[2.200298821897997,0],[3.5135405584584056,0],[3.5225219036437023,0],[3.5592758263257855,0],[4.142373524753932,0],[4.286736594133337,0],[5.434843080790408,0],[5.895704628741935,0],[5.896533786114315,0],[5.982455611545516,0],[6.164389075802396,1],[7.419643316453779,0],[7.530538568333422,1],[7.819969660776052,1],[8.024904811149117,1],[8.705289169729824,1],[9.391760343101616,1]],"objective_func":0.5976388877338968,"elapsed_time":3.609,"problem_name":"SS_8"}
