{"solution":[[1.0290199341288218,0],[1.804810580306956,0],[1.9799335629982622,0],[2.0770416120702357,0],[2.361940617230777,0],[2.3972278557559275,1],[2.468733640751394,1],[2.4921504712620806,1],[2.521312875847684,1],[2.842686559745751,1],[3.4146777475331898,1],[3.5364879206984217,1],[3.560370921945214,1],[3.5855729579356597,1],[3.7306036287953943,1],[4.414031397941288,1],[5.841832369680537,1],[7.0915336737068255,1],[7.541302521991463,1],[9.54739627300409,0]],"objective_func":0.7874032564534267,"elapsed_time":3.469,"problem_name":"SS_6"}
