{"solution":[[1.055886435656355,0],[2.5758276933055493,0],[2.62043122752376,0],[2.880184617764776,0],[3.150811116830412,0],[3.3902427947207783,0],[4.27329623117107,0],[4.4864217302988365,1],[4.800079812846747,0],[5.562977789754537,0],[6.398665439655113,0],[6.5599961426701725,0],[6.6264955531160075,1],[6.8281811288091925,1],[7.44539380871779,0],[7.709054814686984,1],[8.214731139166503,0],[8.269518354802269,1],[9.109326650002771,0],[9.246514190616603,1]],"objective_func":0.788516149300125,"elapsed_time":3.313,"problem_name":"SS_3"}
