{"solution":[[1.1226013655702736,1],[1.8542696528104758,0],[1.956361519487602,1],[2.0938852218731148,0],[2.2745993001008564,1],[2.833736334063928,1],[2.8481701818974035,0],[3.9528234099775146,1],[4.06231294132448,0],[4.208382872134934,1],[4.326881557091751,0],[4.4532108933221295,1],[5.971598615244043,0],[6.892223791356068,1],[7.350824016428795,0],[7.409249246237799,1],[8.151245389178936,0],[8.452676467209237,1],[8.91132217896409,0],[9.835184165642799,1]],"objective_func":0.0018221396201544627,"elapsed_time":3.734,"problem_name":"SE_5"}
