{"solution":[[1.3025162405843296,0],[3.105129099169767,1],[3.705602792753908,0],[3.8474479969232527,1],[4.305532933973021,0],[4.390799612953362,0],[5.3043849135259675,0],[5.439445401049735,0],[5.552402608415419,0],[5.645811429614292,0],[5.822987182780973,0],[6.207117991415016,0],[6.44708455403538,0],[6.50033509364226,1],[6.670514732813372,1],[6.678827637314587,1],[7.208538936782753,1],[7.39407024254333,1],[9.350119778372042,1],[9.606046886199282,1]],"objective_func":0.622626207445207,"elapsed_time":3.688,"problem_name":"SS_10"}
