{"solution":[[1.2674706560758413,0],[1.624246860818455,1],[3.121669331543777,1],[3.940879330382752,1],[4.403378268721482,1],[4.485057253988177,1],[4.945991466150047,1],[5.044902981560869,1],[5.162600161570555,1],[5.468669954664314,1],[5.956731173280114,1],[6.08678770763666,1],[6.314565044058112,1],[6.319297970957438,1],[7.075528468225109,1],[7.194983271779998,1],[7.256310447550197,1],[7.306608560258968,1],[7.728855123923584,1],[9.802523323558654,1]],"objective_func":0.4543792661134585,"elapsed_time":4.438,"problem_name":"SB_14"}
