{"solution":[[2.1438906486263356,1],[2.6077063732361365,1],[2.8249213316547745,1],[3.451020123469439,1],[3.9970267795084395,1],[4.036538400916918,1],[4.216213015125277,1],[4.801450662191424,1],[5.201512774153275,1],[5.317608425753866,1],[5.361736697178588,1],[6.08613583928934,1],[6.563432155115798,0],[6.682194756305583,1],[7.511119570459745,0],[7.875515824722696,0],[8.17332114204021,0],[8.397669805767901,1],[8.813369924068418,0],[9.9695362739368,1]],"objective_func":0.5145464988282671,"elapsed_time":3.719,"problem_name":"SS_15"}
