{"solution":[[1.275453878086474,0],[1.7960542531839723,0],[1.8131136963004217,1],[1.9415878766777226,1],[1.9597418229307049,1],[2.3706778668621804,1],[2.892632025395715,1],[3.2992449979164364,1],[3.332341057390977,1],[3.3875960535679788,1],[4.04694017385699,1],[4.762281301584826,1],[4.789344630697382,1],[5.147255950458645,1],[5.283149133201292,1],[8.483592620109771,1],[9.139857887728601,1],[9.538908332564985,1],[9.56914130160977,1],[9.796142020744668,1]],"objective_func":0.43812608539496634,"elapsed_time":3.282,"problem_name":"SB_7"}
