{"solution":[[1.5234775082415786,1],[2.24134466871617,1],[2.608032588834289,1],[3.912806034727656,1],[3.9436644423864617,1],[4.564013568278664,0],[4.589946664440053,0],[4.853892533050703,0],[5.113962377528763,1],[5.545598983486465,1],[5.9607497199123305,1],[6.203876750708788,0],[6.24345828379376,1],[6.677921985982628,0],[7.115284228564275,0],[7.497811663380562,0],[7.710479410559499,0],[9.113125032333397,1],[9.281970375150529,0],[9.291354469937653,0]],"objective_func":0.7522102774259882,"elapsed_time":3.5,"problem_name":"SS_4"}
