{"solution":[[1.7133596702688707,1],[1.8937761121128838,1],[2.1617801007611677,1],[2.308947029963998,1],[2.320776482763679,1],[2.6288971739018283,1],[2.664287954736841,1],[2.6973307474897754,1],[3.354052136771657,1],[4.086368082682755,1],[5.095635942921916,1],[6.113994824526896,1],[6.463213863712221,1],[7.293783966546226,1],[7.645330235605403,1],[7.659912919822294,0],[8.922589860543072,0],[9.322292159437133,0],[9.855453436036111,1],[9.899804390781643,0]],"objective_func":0.8443629238684441,"elapsed_time":3.578,"problem_name":"SS_14"}
