{"solution":[[1.0979528509157097,1],[2.0354444810266386,1],[2.217191996307407,0],[2.43774410661728,1],[2.4716453401767593,1],[3.5485330921748885,0],[4.093018859720486,1],[5.00311099071192,0],[5.548325976244003,1],[5.5799485394685435,1],[6.010099133424728,0],[6.9547832121897235,1],[6.963959047062773,1],[7.111425937826333,0],[7.611793889567343,1],[7.989857699723333,0],[8.74111869534353,1],[9.084642320465809,1],[9.280969395268691,0],[9.766345420920858,1]],"objective_func":1.1907598017793015e-08,"elapsed_time":3.546,"problem_name":"SE_1"}
