{"solution":[[1.0863530211871726,0],[1.18186294095851,1],[1.6185425926527959,1],[1.759543568657842,1],[2.52585593299589,1],[2.7031158291117596,1],[2.8508781526599662,1],[3.4322063154922557,1],[4.458647581559356,1],[4.462399148686282,1],[4.797544798159943,1],[5.261498360966967,1],[5.32084940671351,1],[5.566861798133633,1],[6.64628018731986,1],[8.301982232212472,1],[9.249927261795516,1],[9.269777255380356,1],[9.715960034655582,1],[9.853343746162146,1]],"objective_func":0.48741680658632974,"elapsed_time":5.109,"problem_name":"SB_10"}
