{"solution":[[1.1406087101097344,0],[1.4594599685076886,0],[1.6498123259163129,0],[2.066381927470757,0],[2.222659703292057,0],[2.7090922149117627,0],[3.4843153629310475,0],[4.1578922971474235,0],[4.4463621485456875,0],[4.65592635233167,0],[7.729580192401052,1],[8.161628654713967,1],[8.904529408038865,0],[9.202954685724201,0],[9.307915443015514,0],[9.380601772461498,0],[9.623434261515317,0],[9.680675914068035,1],[9.898581621254444,1],[9.99572787544589,1]],"objective_func":0.8918292977710175,"elapsed_time":3.688,"problem_name":"SS_18"}
