{"solution":[[1.5640527890781994,1],[1.8409138876427242,0],[2.423789589036131,0],[2.452683212046809,1],[2.474038106739062,1],[2.8125107741874986,0],[4.2974383988624165,0],[4.5128396993746485,0],[5.059167316867248,0],[5.319618084468613,0],[5.733230676136076,1],[6.407680794253175,0],[6.557259256783395,0],[6.847760682578086,0],[7.223877350210752,0],[7.235309136480903,1],[7.244887753559953,1],[7.503300363434451,1],[7.820905208910835,1],[9.876405267107849,0]],"objective_func":0.6964973625373844,"elapsed_time":3.578,"problem_name":"SS_2"}
