{"solution":[[1.5233097482032245,0],[1.868998285815833,1],[3.530133703969073,0],[3.5410955401964763,1],[4.075292627583162,0],[4.373562552102571,1],[5.830900410591672,0],[6.052498953593168,1],[6.195237114442432,0],[6.4091151400342135,0],[6.734193180293982,1],[7.3985782325271385,0],[7.658885760086001,1],[7.659124443382272,0],[7.7393191997564355,1],[7.821389746385339,0],[9.013163729163123,1],[9.292234078541831,0],[9.530685186073619,1],[9.544561956976773,0]],"objective_func":3.6065325626896544e-10,"elapsed_time":3.359,"problem_name":"SE_18"}
