{"solution":[[1.0069727168412896,0],[1.2310956496566665,1],[3.088529101660023,0],[3.322113311645271,0],[3.633436723959578,1],[3.9331519688269356,0],[4.438197221971915,0],[4.57970595386663,0],[4.92442958755122,1],[4.99390225493622,0],[5.812162101294089,0],[6.326602741770852,1],[6.393994931230676,0],[6.831409472652014,0],[7.747224720400469,1],[8.013316662131977,0],[8.116627533094004,0],[8.85197641652072,1],[9.517693910719954,0],[9.806400167414912,0]],"objective_func":0.00016263150320094204,"elapsed_time":3.438,"problem_name":"SE_6"}
