{"solution":[[2.347526784540935,0],[2.6568693512901445,0],[2.741152285746349,0],[3.89357087440953,1],[4.099176734720558,0],[4.417946646241343,0],[4.554701022850715,0],[4.83493195470537,0],[6.554349035239547,0],[6.677292714623737,0],[6.86991866180536,0],[7.02666184613577,0],[7.214392881884956,1],[7.458960882015713,1],[7.582310035354201,1],[8.4901997657932,1],[8.81180509102615,1],[8.920117176002943,0],[9.519059204589967,1],[9.888015745142964,1]],"objective_func":0.9025162962498633,"elapsed_time":3.625,"problem_name":"SS_13"}
