{"solution":[[1.0355417065971197,1],[1.1218213276612736,1],[1.5523707109713345,1],[1.7653268642166537,1],[1.9771285340782034,1],[2.884323861642628,1],[3.6901691096031546,1],[3.8520652025545354,1],[4.087792459873082,1],[4.481355569521338,1],[5.038604018976447,1],[5.0397693430630985,1],[5.092467059669936,1],[5.247951196406381,1],[6.833333940789878,1],[6.960731838631025,1],[7.744026705401674,1],[8.968493953648604,1],[8.971035357168752,1],[9.661798407348485,1]],"objective_func":0.7015195342038295,"elapsed_time":3.953,"problem_name":"SB_6"}
