{"solution":[[1.1766798028106225,0],[2.1421528179574816,1],[2.8558575190051885,1],[3.473677292265793,1],[4.032469732568478,1],[4.324461300288242,1],[5.029738165755105,1],[5.189749302284667,1],[5.241047537381245,1],[6.031901691326908,1],[6.170736841840904,1],[6.2264652772866595,1],[6.251626561095834,1],[7.3787078580668375,1],[7.737919380753484,1],[7.816826850925801,1],[8.195277308083,1],[8.644113805153285,1],[9.07306142166297,1],[9.49144781849879,1]],"objective_func":0.7253223966895211,"elapsed_time":3.719,"problem_name":"SB_4"}
