{"solution":[[1.7372472300638204,0],[2.461299559296872,1],[2.6556047330768213,0],[2.714206783133501,1],[2.8444968615625705,0],[4.0233617267796875,1],[4.158969093470757,1],[5.061284785957458,1],[5.4908557084636795,1],[6.131839597538767,0],[6.939478724890041,1],[7.448710020974925,1],[7.607615849145642,0],[7.896534225880784,0],[7.956484440896175,0],[7.995626024133369,0],[8.054871460451825,0],[8.89079026643439,0],[9.184848119469297,1],[9.208223705929111,1]],"objective_func":0.8636378037759916,"elapsed_time":3.75,"problem_name":"SS_20"}
