{"solution":[[1.4862888229741136,1],[1.7695373976277748,1],[2.469754537849992,0],[2.4717047168139707,1],[3.346368778474444,1],[5.453757485908434,1],[6.0309101999333405,0],[6.166429711572469,1],[6.355710266540545,1],[6.673290009256166,1],[6.684294557576621,1],[7.394373885569464,0],[7.913751122154333,1],[8.077723542136725,1],[8.10895035693489,1],[8.88226009955929,1],[8.925978796822623,0],[9.017565260344687,1],[9.180640083360217,1],[9.21018606484411,1]],"objective_func":0.00022210078213386232,"elapsed_time":3.531,"problem_name":"SE_4"}
