{"solution":[[1.9740011611322623,0],[2.0750461753191094,0],[3.334838381954314,0],[3.3486706811098124,0],[3.6426247718711595,0],[4.908530224610935,1],[4.943186195711153,0],[5.017610957485143,0],[5.241371978653403,0],[5.303027837162249,0],[6.041693298984217,1],[6.30915523309273,0],[6.522632574178691,0],[6.612296863961408,0],[8.878758449370073,0],[9.101001662602847,1],[9.454280170146959,0],[9.840601408875559,0],[9.958557685508053,0],[9.971651177929346,0]],"objective_func":0.00020358716114897313,"elapsed_time":4.031,"problem_name":"SE_17"}
