{"solution":[[1.13822081258298,1],[1.4146295883524234,1],[1.5534726310624816,1],[2.169139786678161,1],[3.5340157078187735,1],[4.036113277773934,1],[4.410313485004777,1],[4.77964644458137,1],[4.930482366381186,1],[6.017295170119665,1],[6.158833568395679,1],[6.430188161803567,1],[6.44877808141466,1],[6.671383457321972,1],[6.75658627881667,1],[7.1612375143791125,1],[7.878552805406793,1],[8.18878747790685,1],[8.64495938285912,1],[9.492002446243779,1]],"objective_func":0.5532712271675648,"elapsed_time":3.922,"problem_name":"SB_17"}
