{"solution":[[1.1936709712609783,0],[1.2942384160794564,1],[1.2996475954077122,1],[1.4746643013143617,1],[1.5222199121952724,1],[1.755951309029811,1],[2.167702898655306,1],[2.4731423097375647,1],[3.557630147610179,1],[3.801072593378182,1],[3.8662440270854717,1],[3.8686917185927747,1],[3.9440119602823738,1],[4.495134297043569,1],[4.664263361608219,1],[5.565781364620177,1],[7.369044910450143,1],[8.464130037929648,0],[8.49985075132072,1],[8.524415649505583,1]],"objective_func":0.8569581967647966,"elapsed_time":3.797,"problem_name":"SB_5"}
