{"solution":[[1.4381980027880004,1],[1.5377592284175499,1],[1.6582072605812228,1],[1.8516958005415611,1],[3.0876397820327353,0],[4.751381712715318,1],[4.904980849853379,0],[5.497036434619,1],[6.385128604924403,1],[6.650205029331092,0],[6.690415534590946,1],[6.75598899721888,1],[7.24808573263561,1],[7.953131639206701,0],[7.999519724581015,0],[8.032935413096443,0],[8.704879593828068,0],[8.870627839752345,0],[9.625339109570934,1],[9.97922480503805,0]],"objective_func":0.8911936196110176,"elapsed_time":3.844,"problem_name":"SS_9"}
