{"solution":[[2.5299351214480317,0],[2.5554167741015976,1],[2.8242871769958033,0],[2.847714359339226,0],[2.891931238511196,1],[3.1296201424997667,0],[3.423680246080143,1],[4.047355961949549,0],[5.247687077962901,0],[5.529994229303051,1],[5.6779522292870315,0],[6.476342790224274,0],[6.578993198848856,1],[6.763435404663316,0],[7.216381035039741,0],[7.480432755703078,1],[7.616921070687585,0],[7.658022959763869,0],[7.744438281137169,1],[8.045077275574126,0]],"objective_func":3.6356077324574324e-05,"elapsed_time":3.593,"problem_name":"SE_18"}
