{"solution":[[1.0291567180973056,0],[1.592413851132382,0],[1.7505346164748452,0],[2.8976626656114792,0],[3.139926086450425,1],[3.1647989494197257,0],[4.883088183313151,0],[6.150099984276902,0],[6.271308258778882,0],[6.9417023335231,0],[7.105443217942373,0],[7.315131321400386,0],[7.40283718792722,1],[7.495383287261512,0],[7.699683565099675,0],[7.786729818160859,0],[8.511630491257687,0],[8.773949485081376,0],[9.41723883701021,0],[9.866739266905578,0]],"objective_func":0.00540470218757681,"elapsed_time":3.828,"problem_name":"SE_11"}
