{"solution":[[2.148832725017105,1],[2.4164938239003706,1],[2.853895401134915,1],[2.9039242949366453,1],[3.041572350562466,0],[3.2131332518216094,1],[3.56900186465766,1],[3.7504669324810735,1],[4.848816021337855,1],[5.418760046915757,1],[5.915262935696959,1],[5.9187186339571864,1],[6.046878654706698,1],[6.678865754135404,1],[8.0385376442804,1],[8.329965168101387,1],[8.71912407049934,1],[8.971051524536346,1],[9.08240283768861,1],[9.55003224961382,1]],"objective_func":0.592614917156829,"elapsed_time":3.859,"problem_name":"SB_5"}
