{"solution":[[1.5440134226956106,0],[1.632561571041898,0],[2.4110327279708406,0],[2.5468485027905805,1],[2.6865826738495375,0],[3.568067538948469,0],[4.150848846433201,1],[4.171275846429711,0],[4.33270432569338,0],[4.587663395780295,0],[5.318809080010231,1],[5.322275092380863,1],[6.243475364378732,1],[6.331671767188614,1],[6.778465799913128,1],[7.084534516979474,1],[7.867418139145867,1],[8.6462552863533,0],[8.87465009059526,1],[9.917666680412934,1]],"objective_func":0.9304616830064207,"elapsed_time":3.859,"problem_name":"SS_6"}
