{"solution":[[1.4539648059058876,1],[1.7145166026360306,1],[2.8652420704267025,0],[3.386331881439382,1],[3.621209806810932,0],[4.019451492885417,1],[4.039441170745189,1],[4.309044561638343,0],[4.310646691275814,1],[5.552447030020712,1],[5.582660321786095,0],[5.857829752576416,1],[6.770930773726203,0],[7.037191682854794,1],[7.126998849371003,1],[7.751849753852479,0],[8.07195288932683,1],[8.797991765695489,1],[9.286884739383446,0],[9.965958315953886,1]],"objective_func":4.2931628191603964e-06,"elapsed_time":3.672,"problem_name":"SE_14"}
