{"solution":[[1.0562591691357546,1],[1.6762786615032685,0],[1.763033621040752,1],[1.787880639638398,0],[2.7635739846481573,1],[3.32179617960392,0],[3.3251694791888498,0],[3.4199718499565654,1],[3.6951700027882106,0],[4.679872811909561,1],[5.963470705226833,0],[6.422686280599433,1],[6.693425027320345,0],[6.785608759493853,0],[7.125511372929095,1],[8.255311834482804,0],[8.270441077778168,1],[8.401719172450758,0],[9.138696380309879,1],[9.763749988718313,0]],"objective_func":2.891661572708223e-08,"elapsed_time":3.531,"problem_name":"SE_19"}
