{"solution":[[1.0277772959809275,0],[1.248139536971908,1],[1.6572601873753694,1],[3.118544103178814,1],[3.265648033172204,1],[4.1612530814098445,1],[4.393073944959122,1],[5.138030850000546,1],[5.61774335726877,1],[6.054561385811271,1],[6.390826029127363,1],[6.6538213596870275,1],[6.8796363283361135,1],[7.27917357026981,1],[7.9832736520067975,1],[8.114008721076093,1],[8.189906076256243,1],[8.410745932377782,1],[9.07213559694867,1],[9.19697978382542,1]],"objective_func":0.7723257372496413,"elapsed_time":5.109,"problem_name":"SB_10"}
