{"solution":[[2.068430346463331,0],[2.81104379805557,0],[2.836270046831319,0],[3.0380380340338404,0],[3.255818234773659,0],[3.4930943299311843,0],[3.8539928495031295,0],[4.064450502383595,0],[4.971019744200202,0],[5.048454120363053,1],[5.1152041953154095,1],[5.215420187295781,0],[5.420792100757159,1],[5.760119791421669,0],[5.921913367461824,0],[6.684819056426158,0],[7.864844609106484,0],[9.366776487993008,1],[9.531226791723377,0],[9.596071958575846,1]],"objective_func":0.8754879952210056,"elapsed_time":3.969,"problem_name":"SS_5"}
