{"solution":[[1.0032340686923982,1],[2.0536426484508197,0],[2.0952736317850227,1],[2.1577501345739756,1],[2.7681032106946875,1],[3.555030872512484,1],[3.768508523887858,0],[4.283347710052492,1],[5.3006860808630405,0],[5.596849309307055,1],[5.924506476918782,1],[6.639582121335884,0],[6.853418342875274,0],[8.1731493593901,0],[8.203476225957662,0],[9.111837729688185,0],[9.140699271484714,1],[9.33353435309527,1],[9.54072363562951,1],[9.91080175031887,1]],"objective_func":0.9025026547486825,"elapsed_time":3.672,"problem_name":"SS_8"}
