Problem ID, Quality, Stability
cross_mmmq_1,-2.70621821322,0.786486486486
cross_mmmq_10,-2.30104867432,0.913513513514
cross_mmmq_2,-4.16598132689,0.948648648649
cross_mmmq_3,-1.99729689335,0.908108108108
cross_mmmq_4,-3.52228380095,0.856756756757
cross_mmmq_5,-3.33770226324,0.862162162162
cross_mmmq_6,-2.16048185566,0.827027027027
cross_mmmq_7,-1.70839845644,0.851351351351
cross_mmmq_8,-3.17766011821,0.878378378378
cross_mmmq_9,-1.67459520992,0.835135135135