Problem ID, Quality, Stability
cross_mmps_1,1.56623497115,0.994594594595
cross_mmps_10,1.45588205664,0.997297297297
cross_mmps_2,1.6944901936,0.997297297297
cross_mmps_3,1.81717531153,1.0
cross_mmps_4,1.53247168077,1.0
cross_mmps_5,1.62805200747,0.997297297297
cross_mmps_6,1.69440625979,0.997297297297
cross_mmps_7,1.60533804045,1.0
cross_mmps_8,1.60811881124,0.991891891892
cross_mmps_9,1.91907285671,1.0