Problem ID, Quality, Stability
cross_pmpq_1,2.60759923209,0.735172413793
cross_pmpq_10,2.59757911817,0.691724137931
cross_pmpq_2,2.69093804044,0.728275862069
cross_pmpq_3,2.8142754744,0.633793103448
cross_pmpq_4,2.6093562534,0.795172413793
cross_pmpq_5,2.77847606663,0.811034482759
cross_pmpq_6,2.66398862326,0.658620689655
cross_pmpq_7,2.44543038339,0.661379310345
cross_pmpq_8,2.76312934157,0.727586206897
cross_pmpq_9,2.73818680676,0.602068965517