Problem ID, Quality, Stability
cross_mpmq_1,0.799832116927,0.986486486486
cross_mpmq_10,0.818883882403,0.997297297297
cross_mpmq_2,0.828751845297,0.997297297297
cross_mpmq_3,0.809689519992,0.981081081081
cross_mpmq_4,0.780156681949,0.997297297297
cross_mpmq_5,0.860552498628,1.0
cross_mpmq_6,0.706394712871,0.994594594595
cross_mpmq_7,0.805516446825,1.0
cross_mpmq_8,0.794688721974,1.0
cross_mpmq_9,0.89727011845,0.983783783784