Problem ID, Quality, Stability
cross_pppq_1,1.53501444435,0.995172413793
cross_pppq_10,1.51121684431,1.0
cross_pppq_2,1.47116177693,0.997931034483
cross_pppq_3,1.53664045427,1.0
cross_pppq_4,1.55697742576,1.0
cross_pppq_5,1.51065494204,0.997931034483
cross_pppq_6,1.58421300879,0.992413793103
cross_pppq_7,1.53111973173,1.0
cross_pppq_8,1.55432703417,0.997931034483
cross_pppq_9,1.59596479308,1.0