Problem ID, Quality, Stability
cross_ppms_1,0.522232264515,1.0
cross_ppms_10,0.539113534361,1.0
cross_ppms_2,0.530331193771,1.0
cross_ppms_3,0.540488073898,1.0
cross_ppms_4,0.492539716706,1.0
cross_ppms_5,0.528405129,1.0
cross_ppms_6,0.514544552097,1.0
cross_ppms_7,0.504178155422,1.0
cross_ppms_8,0.534219410886,1.0
cross_ppms_9,0.514470313067,1.0