Problem ID, Quality, Stability
cross_mmpq_1,-4.53435638117,0.705405405405
cross_mmpq_10,-9.53626755349,0.845945945946
cross_mmpq_2,-8.56930121985,0.783783783784
cross_mmpq_3,-14.178961175,0.672972972973
cross_mmpq_4,-10.0142481748,0.718918918919
cross_mmpq_5,-7.361608547,0.859459459459
cross_mmpq_6,-13.4734263717,0.851351351351
cross_mmpq_7,-9.94006809656,0.832432432432
cross_mmpq_8,-15.5365078526,0.791891891892
cross_mmpq_9,-9.02449454459,0.718918918919