Problem ID, Quality, Stability
cross_mmms_1,0.720688296148,1.0
cross_mmms_10,0.766577614588,1.0
cross_mmms_2,0.625634945374,1.0
cross_mmms_3,0.613075855463,1.0
cross_mmms_4,0.635481259674,1.0
cross_mmms_5,0.689590737045,1.0
cross_mmms_6,0.728823349237,1.0
cross_mmms_7,0.719049170893,1.0
cross_mmms_8,0.684595870075,1.0
cross_mmms_9,0.686424037166,1.0