Problem ID, Quality, Stability
cross_mppq_1,2.35036246441,1.0
cross_mppq_10,2.03817347518,0.986486486486
cross_mppq_2,2.28760989471,1.0
cross_mppq_3,2.17883193317,1.0
cross_mppq_4,2.13779942612,0.981081081081
cross_mppq_5,2.03724614039,0.989189189189
cross_mppq_6,2.10329279474,0.978378378378
cross_mppq_7,2.03777043517,1.0
cross_mppq_8,1.99735642706,0.991891891892
cross_mppq_9,2.1282709734,0.978378378378