Problem ID, Quality, Stability
cross_mmps_1,1.87990169683,1.0
cross_mmps_10,1.80319980209,1.0
cross_mmps_2,1.93623606834,1.0
cross_mmps_3,1.84357922671,0.994594594595
cross_mmps_4,1.75996497144,1.0
cross_mmps_5,1.90535030058,0.997297297297
cross_mmps_6,1.76529253538,0.994594594595
cross_mmps_7,1.67059576517,1.0
cross_mmps_8,1.70368623922,0.997297297297
cross_mmps_9,1.83779549746,0.991891891892