Problem ID, Quality, Stability
cross_mpps_1,1.20107550371,1.0
cross_mpps_10,1.49076018664,1.0
cross_mpps_2,1.32330793361,1.0
cross_mpps_3,1.3361010804,0.997297297297
cross_mpps_4,1.37022498326,1.0
cross_mpps_5,1.43064371818,1.0
cross_mpps_6,1.33088009914,1.0
cross_mpps_7,1.47020497368,1.0
cross_mpps_8,1.40179910215,1.0
cross_mpps_9,1.34162584842,1.0