Problem ID, Quality, Stability
cross_mmmq_1,-36.305373745,0.910810810811
cross_mmmq_10,-4.85355447673,0.940540540541
cross_mmmq_2,-3.8173166467,0.881081081081
cross_mmmq_3,-6.62725827731,0.945945945946
cross_mmmq_4,-3.83309831107,0.981081081081
cross_mmmq_5,-7.05140943336,0.816216216216
cross_mmmq_6,-2.22922248213,0.786486486486
cross_mmmq_7,-3.40400385733,0.927027027027
cross_mmmq_8,-6.8379796087,0.932432432432
cross_mmmq_9,-13.8191413053,1.0