Problem ID, Quality, Stability
cross_pmpq_1,2.89812428493,0.682068965517
cross_pmpq_10,2.72647504,0.668965517241
cross_pmpq_2,2.77484201602,0.653103448276
cross_pmpq_3,2.89215185807,0.70275862069
cross_pmpq_4,2.75932930921,0.657931034483
cross_pmpq_5,2.95944950767,0.692413793103
cross_pmpq_6,3.00786314502,0.731034482759
cross_pmpq_7,3.04761507592,0.731724137931
cross_pmpq_8,2.90438972355,0.682068965517
cross_pmpq_9,2.92416955025,0.606896551724