Problem ID, Quality, Stability
cross_mmpq_1,-4.82663988954,0.918918918919
cross_mmpq_10,-6.26917480158,0.702702702703
cross_mmpq_2,-7.55953931015,0.727027027027
cross_mmpq_3,-11.4517525301,0.916216216216
cross_mmpq_4,-5.9110594299,0.662162162162
cross_mmpq_5,-5.02283788007,0.610810810811
cross_mmpq_6,-4.83891473751,0.783783783784
cross_mmpq_7,-4.84624397242,0.759459459459
cross_mmpq_8,-8.19493810558,0.878378378378
cross_mmpq_9,-4.40504034885,0.778378378378