Problem ID, Quality, Stability
cross_ppps_1,1.26027416638,1.0
cross_ppps_10,1.28978735156,1.0
cross_ppps_2,1.34620594015,1.0
cross_ppps_3,1.3618934296,1.0
cross_ppps_4,1.29881840379,1.0
cross_ppps_5,1.26319728999,1.0
cross_ppps_6,1.34979152515,1.0
cross_ppps_7,1.30157868382,1.0
cross_ppps_8,1.33704765704,1.0
cross_ppps_9,1.23086779954,1.0