Problem ID, Quality, Stability
cross_ppms_1,0.517315750265,1.0
cross_ppms_10,0.514427840114,1.0
cross_ppms_2,0.515466498875,1.0
cross_ppms_3,0.515937798625,1.0
cross_ppms_4,0.54525783889,1.0
cross_ppms_5,0.513372352923,1.0
cross_ppms_6,0.529867854,1.0
cross_ppms_7,0.545629964879,1.0
cross_ppms_8,0.54976129837,1.0
cross_ppms_9,0.523280548478,1.0