Problem ID, Quality, Stability
cross_ppps_1,1.34529475986,1.0
cross_ppps_10,1.38903903382,1.0
cross_ppps_2,1.29849034355,1.0
cross_ppps_3,1.34035363181,1.0
cross_ppps_4,1.30450106592,1.0
cross_ppps_5,1.38579858283,1.0
cross_ppps_6,1.28818765135,1.0
cross_ppps_7,1.40874113121,1.0
cross_ppps_8,1.36346151378,1.0
cross_ppps_9,1.36053713225,1.0