Problem ID, Quality, Stability
cross_pmms_1,0.722679449332,1.0
cross_pmms_10,0.67237105021,1.0
cross_pmms_2,0.715658733829,1.0
cross_pmms_3,0.694414995933,1.0
cross_pmms_4,0.751414065626,1.0
cross_pmms_5,0.670033149955,1.0
cross_pmms_6,0.693642593208,1.0
cross_pmms_7,0.75741356101,1.0
cross_pmms_8,0.798401725359,1.0
cross_pmms_9,0.76322432459,1.0