Problem ID, Quality, Stability
cross_mppq_1,1.9678251014,0.989189189189
cross_mppq_10,1.88936536985,1.0
cross_mppq_2,1.95356580229,0.983783783784
cross_mppq_3,1.78806794326,0.978378378378
cross_mppq_4,1.87659251047,0.994594594595
cross_mppq_5,1.93951286018,0.989189189189
cross_mppq_6,2.02893426582,0.989189189189
cross_mppq_7,1.86327788348,0.986486486486
cross_mppq_8,1.89800749215,0.975675675676
cross_mppq_9,1.8676405828,0.967567567568