Problem ID, Quality, Stability
cross_pmps_1,1.37162162605,1.0
cross_pmps_10,1.50956024305,0.989655172414
cross_pmps_2,1.45973983841,0.995862068966
cross_pmps_3,1.46899165412,0.994482758621
cross_pmps_4,1.44899044235,0.969655172414
cross_pmps_5,1.37596488987,0.995862068966
cross_pmps_6,1.4601777003,0.991034482759
cross_pmps_7,1.48761671996,0.998620689655
cross_pmps_8,1.41498625311,0.991034482759
cross_pmps_9,1.39941411494,0.995172413793