Problem ID, Quality, Stability
cross_mpms_1,0.600160400888,1.0
cross_mpms_10,0.599178420074,1.0
cross_mpms_2,0.598919198382,1.0
cross_mpms_3,0.560061654813,1.0
cross_mpms_4,0.580148073421,1.0
cross_mpms_5,0.589100407712,1.0
cross_mpms_6,0.619295267632,1.0
cross_mpms_7,0.539325622193,1.0
cross_mpms_8,0.600739396062,1.0
cross_mpms_9,0.566746375384,1.0