Problem ID, Quality, Stability
cross_mpms_1,0.566031808602,1.0
cross_mpms_10,0.537129234923,1.0
cross_mpms_2,0.559556493515,1.0
cross_mpms_3,0.534471250987,1.0
cross_mpms_4,0.527679795844,1.0
cross_mpms_5,0.542841606463,1.0
cross_mpms_6,0.585014916915,1.0
cross_mpms_7,0.561274665103,1.0
cross_mpms_8,0.558664272796,1.0
cross_mpms_9,0.55702487135,1.0