Problem ID, Quality, Stability
cross_pmps_1,1.46885774051,0.991724137931
cross_pmps_10,1.64013558294,0.995862068966
cross_pmps_2,1.58940522015,0.994482758621
cross_pmps_3,1.4521018949,0.988965517241
cross_pmps_4,1.63960548724,0.998620689655
cross_pmps_5,1.47596747634,0.978620689655
cross_pmps_6,1.52298783073,0.993103448276
cross_pmps_7,1.46403915741,0.982068965517
cross_pmps_8,1.55544866775,0.986206896552
cross_pmps_9,1.57622143421,0.978620689655