Problem ID, Quality, Stability
cross_mpmq_1,0.86032996477,1.0
cross_mpmq_10,0.861045801084,0.997297297297
cross_mpmq_2,0.823524628137,0.986486486486
cross_mpmq_3,0.837996569446,0.986486486486
cross_mpmq_4,0.816566331659,1.0
cross_mpmq_5,0.807261709151,0.997297297297
cross_mpmq_6,0.806880049673,1.0
cross_mpmq_7,0.83883243586,1.0
cross_mpmq_8,0.859418520714,1.0
cross_mpmq_9,0.809533107754,1.0