Problem ID, Quality, Stability
cross_pppq_1,1.53365804967,0.988965517241
cross_pppq_10,1.50430732423,1.0
cross_pppq_2,1.53090459872,1.0
cross_pppq_3,1.5339838824,1.0
cross_pppq_4,1.64519597035,0.995862068966
cross_pppq_5,1.60889038664,1.0
cross_pppq_6,1.6426388679,0.995862068966
cross_pppq_7,1.55589244069,1.0
cross_pppq_8,1.62570762168,1.0
cross_pppq_9,1.46823006114,0.998620689655