Problem ID, Quality, Stability
cross_pmms_1,0.715266844576,1.0
cross_pmms_10,0.685137167737,1.0
cross_pmms_2,0.667511302522,1.0
cross_pmms_3,0.592225948811,1.0
cross_pmms_4,0.705608279167,1.0
cross_pmms_5,0.669826146364,1.0
cross_pmms_6,0.641668830866,1.0
cross_pmms_7,0.669576486208,1.0
cross_pmms_8,0.654279156621,1.0
cross_pmms_9,0.757638359426,1.0