Problem ID, Quality, Stability
cross_ppmq_1,0.616256669331,1.0
cross_ppmq_10,0.596191441857,0.993793103448
cross_ppmq_2,0.606800303702,1.0
cross_ppmq_3,0.603425127944,0.991034482759
cross_ppmq_4,0.618277940645,1.0
cross_ppmq_5,0.606097016339,1.0
cross_ppmq_6,0.591745046858,1.0
cross_ppmq_7,0.605544165043,1.0
cross_ppmq_8,0.595278318129,0.999310344828
cross_ppmq_9,0.629606029429,1.0