Problem ID, Quality, Stability
cross_mmms_1,0.702616167535,1.0
cross_mmms_10,0.756910195161,1.0
cross_mmms_2,0.725182615497,1.0
cross_mmms_3,0.66289609485,1.0
cross_mmms_4,0.729042004248,1.0
cross_mmms_5,0.774247298885,1.0
cross_mmms_6,0.757003296425,1.0
cross_mmms_7,0.701812684808,1.0
cross_mmms_8,0.659831408971,1.0
cross_mmms_9,0.664436024088,1.0