Problem ID, Quality, Stability
cross_pmmq_1,-3.84653851422,0.937931034483
cross_pmmq_10,-3.35928846166,0.928275862069
cross_pmmq_2,-4.16814814815,0.937931034483
cross_pmmq_3,-2.57751797598,0.867586206897
cross_pmmq_4,-8.59660364038,0.978620689655
cross_pmmq_5,-3.11899440393,0.933103448276
cross_pmmq_6,-5.55194419594,0.924827586207
cross_pmmq_7,-2.46881694121,0.904827586207
cross_pmmq_8,-2.16720903556,0.868275862069
cross_pmmq_9,-3.13285454998,0.907586206897