Problem ID, Quality, Stability
cross_mpps_1,1.27488913804,1.0
cross_mpps_10,1.26964627205,1.0
cross_mpps_2,1.26731062633,1.0
cross_mpps_3,1.30838045689,1.0
cross_mpps_4,1.40308204462,1.0
cross_mpps_5,1.48974745504,1.0
cross_mpps_6,1.39061486955,1.0
cross_mpps_7,1.39844366485,1.0
cross_mpps_8,1.40840584775,1.0
cross_mpps_9,1.28828285332,1.0