Problem ID, Quality, Stability
cross_ppmq_1,0.619598987628,1.0
cross_ppmq_10,0.609413700277,1.0
cross_ppmq_2,0.620102537888,1.0
cross_ppmq_3,0.650853148283,1.0
cross_ppmq_4,0.630864374062,1.0
cross_ppmq_5,0.618406564763,0.997931034483
cross_ppmq_6,0.634926939229,1.0
cross_ppmq_7,0.61659915607,0.995862068966
cross_ppmq_8,0.611866118968,1.0
cross_ppmq_9,0.621970274352,1.0