Problem ID, Quality, Stability
cross_mpps_1,1.62034310958,1.0
cross_mpps_10,1.40985038601,1.0
cross_mpps_2,1.80206022413,1.0
cross_mpps_3,1.72360473012,1.0
cross_mpps_4,1.6843123579,1.0
cross_mpps_5,1.5696866144,1.0
cross_mpps_6,1.55109930777,1.0
cross_mpps_7,1.5190397613,1.0
cross_mpps_8,1.681592394,1.0
cross_mpps_9,1.67100497461,1.0