Problem ID, Quality, Stability
cross_mpmq_1,0.830254231678,0.994594594595
cross_mpmq_10,0.791006720267,1.0
cross_mpmq_2,0.76071057741,1.0
cross_mpmq_3,0.807856680393,0.981081081081
cross_mpmq_4,0.824141483394,0.986486486486
cross_mpmq_5,0.839624169432,0.991891891892
cross_mpmq_6,0.815205537666,1.0
cross_mpmq_7,0.795759634046,1.0
cross_mpmq_8,0.821009940816,0.997297297297
cross_mpmq_9,0.799715102647,1.0