Problem ID, Quality, Stability
cross_pmpq_1,3.14100896503,0.84275862069
cross_pmpq_10,3.0117650664,0.795172413793
cross_pmpq_2,3.21178907494,0.793103448276
cross_pmpq_3,3.13242152029,0.730344827586
cross_pmpq_4,3.07757037674,0.827586206897
cross_pmpq_5,3.02942059705,0.809655172414
cross_pmpq_6,3.2304465926,0.777931034483
cross_pmpq_7,2.94166707338,0.810344827586
cross_pmpq_8,3.07512677439,0.768965517241
cross_pmpq_9,2.94271337204,0.764827586207