Problem ID, Quality, Stability
cross_mpms_1,0.677445929526,1.0
cross_mpms_10,0.725069862174,1.0
cross_mpms_2,0.609218144405,1.0
cross_mpms_3,0.694275683535,1.0
cross_mpms_4,0.710191642902,1.0
cross_mpms_5,0.684486210255,1.0
cross_mpms_6,0.689139707567,1.0
cross_mpms_7,0.691911466695,1.0
cross_mpms_8,0.631176353884,1.0
cross_mpms_9,0.67263560306,1.0