Problem ID, Quality, Stability
cross_mpmq_1,0.810214516096,1.0
cross_mpmq_10,0.793447778126,1.0
cross_mpmq_2,0.806224560029,1.0
cross_mpmq_3,0.76983629197,0.994594594595
cross_mpmq_4,0.781862167043,1.0
cross_mpmq_5,0.801014955966,1.0
cross_mpmq_6,0.814759071027,1.0
cross_mpmq_7,0.802162888513,0.994594594595
cross_mpmq_8,0.80588345695,1.0
cross_mpmq_9,0.815198171785,1.0