Problem ID, Quality, Stability
cross_ppms_1,0.557723913983,1.0
cross_ppms_10,0.573937332442,1.0
cross_ppms_2,0.584485396337,1.0
cross_ppms_3,0.564990992671,1.0
cross_ppms_4,0.563724360543,1.0
cross_ppms_5,0.583822772466,1.0
cross_ppms_6,0.561891655437,1.0
cross_ppms_7,0.583983777729,1.0
cross_ppms_8,0.591621519435,1.0
cross_ppms_9,0.567260400928,1.0