Problem ID, Quality, Stability
cross_pppq_1,1.63032865491,0.980689655172
cross_pppq_10,1.51599526958,0.996551724138
cross_pppq_2,1.56562705054,0.997931034483
cross_pppq_3,1.5607276728,1.0
cross_pppq_4,1.45610194905,0.994482758621
cross_pppq_5,1.481692904,1.0
cross_pppq_6,1.49524127228,1.0
cross_pppq_7,1.52671400876,0.987586206897
cross_pppq_8,1.48889822673,1.0
cross_pppq_9,1.61432897564,0.995172413793