Problem ID, Quality, Stability
cross_ppms_1,0.583164665807,1.0
cross_ppms_10,0.570663752167,1.0
cross_ppms_2,0.55765334969,1.0
cross_ppms_3,0.580624106696,1.0
cross_ppms_4,0.55502070396,1.0
cross_ppms_5,0.564250677735,1.0
cross_ppms_6,0.567563460731,1.0
cross_ppms_7,0.545159383152,1.0
cross_ppms_8,0.557112630335,1.0
cross_ppms_9,0.549942663433,1.0