Problem ID, Quality, Stability
cross_mmms_1,2.02493776984,1.0
cross_mmms_10,1.86058350226,1.0
cross_mmms_2,1.72336739604,1.0
cross_mmms_3,1.91859134245,1.0
cross_mmms_4,2.22192363156,1.0
cross_mmms_5,2.00030838467,1.0
cross_mmms_6,2.10416698445,1.0
cross_mmms_7,1.74336524079,1.0
cross_mmms_8,2.0811437756,1.0
cross_mmms_9,2.1509226165,1.0