Problem ID, Quality, Stability
cross_ppmq_1,0.617829636447,1.0
cross_ppmq_10,0.629799931103,1.0
cross_ppmq_2,0.623737188161,1.0
cross_ppmq_3,0.608241279352,1.0
cross_ppmq_4,0.611702344074,0.999310344828
cross_ppmq_5,0.603234748616,1.0
cross_ppmq_6,0.626373982266,1.0
cross_ppmq_7,0.597060140653,0.998620689655
cross_ppmq_8,0.613254862686,1.0
cross_ppmq_9,0.595353317536,0.998620689655