Problem ID, Quality, Stability
cross_mppq_1,1.80397702443,0.97027027027
cross_mppq_10,1.83545281036,0.962162162162
cross_mppq_2,2.10820591795,0.989189189189
cross_mppq_3,2.19382166864,0.981081081081
cross_mppq_4,1.77770653544,0.967567567568
cross_mppq_5,1.95765023715,0.959459459459
cross_mppq_6,1.79371758926,0.978378378378
cross_mppq_7,1.90481883264,0.986486486486
cross_mppq_8,1.99103993965,0.972972972973
cross_mppq_9,1.94184261185,0.975675675676