Problem ID, Quality, Stability
cross_mppq_1,1.87856806906,0.954054054054
cross_mppq_10,2.24215956787,0.959459459459
cross_mppq_2,1.83626828602,0.97027027027
cross_mppq_3,2.14134320084,0.981081081081
cross_mppq_4,1.73206321827,0.994594594595
cross_mppq_5,1.77974021123,0.981081081081
cross_mppq_6,1.86932434997,0.991891891892
cross_mppq_7,1.86274823608,0.994594594595
cross_mppq_8,1.8647047581,0.975675675676
cross_mppq_9,1.92375036722,0.964864864865