Problem ID, Quality, Stability
cross_ppmq_1,0.615208043724,1.0
cross_ppmq_10,0.610235839305,1.0
cross_ppmq_2,0.627756063991,1.0
cross_ppmq_3,0.614179743408,1.0
cross_ppmq_4,0.604705889192,1.0
cross_ppmq_5,0.638345886501,1.0
cross_ppmq_6,0.643364229782,1.0
cross_ppmq_7,0.638384720295,1.0
cross_ppmq_8,0.611838758566,0.999310344828
cross_ppmq_9,0.620322470242,0.999310344828