Problem ID, Quality, Stability
cross_pmps_1,2.12957400405,1.0
cross_pmps_10,2.0731552581,1.0
cross_pmps_2,2.15824471917,1.0
cross_pmps_3,2.21603202445,1.0
cross_pmps_4,2.20752848467,1.0
cross_pmps_5,2.13903424153,1.0
cross_pmps_6,2.23630144128,1.0
cross_pmps_7,2.09383232468,1.0
cross_pmps_8,1.97286039605,1.0
cross_pmps_9,2.10064086428,1.0