Problem ID, Quality, Stability
cross_mpps_1,1.79571025769,1.0
cross_mpps_10,1.57843218674,1.0
cross_mpps_2,1.67527512992,1.0
cross_mpps_3,1.6235473889,1.0
cross_mpps_4,1.68380640941,1.0
cross_mpps_5,1.69766616836,1.0
cross_mpps_6,1.41588834187,1.0
cross_mpps_7,1.60449636802,1.0
cross_mpps_8,1.64320517375,1.0
cross_mpps_9,1.50576408531,1.0