Problem ID, Quality, Stability
cross_mmps_1,4.85210952656,0.997297297297
cross_mmps_10,5.07623679564,0.994594594595
cross_mmps_2,5.20283133746,0.991891891892
cross_mmps_3,4.66097162761,0.991891891892
cross_mmps_4,4.41322752223,0.994594594595
cross_mmps_5,4.86646401484,0.978378378378
cross_mmps_6,4.02315466395,0.983783783784
cross_mmps_7,5.06114858163,0.986486486486
cross_mmps_8,4.48589493494,0.997297297297
cross_mmps_9,5.17494605272,0.972972972973