Problem ID, Quality, Stability
cross_pmmq_1,38.3832452922,0.885517241379
cross_pmmq_10,33.1165759845,0.939310344828
cross_pmmq_2,-8.88463472011,0.86275862069
cross_pmmq_3,14.6960531476,0.911724137931
cross_pmmq_4,24.0261360011,0.868275862069
cross_pmmq_5,10.8933532184,0.90275862069
cross_pmmq_6,15.7716863519,0.900689655172
cross_pmmq_7,121.479001976,0.897931034483
cross_pmmq_8,-52.8195971278,0.847586206897
cross_pmmq_9,-25.1959339788,0.868965517241