Problem ID, Quality, Stability
cross_pmpq_1,3.2478889229,0.781379310345
cross_pmpq_10,3.20662220151,0.811034482759
cross_pmpq_2,2.85202906485,0.746896551724
cross_pmpq_3,3.24774001395,0.791724137931
cross_pmpq_4,3.01711628985,0.81724137931
cross_pmpq_5,2.90732795687,0.82
cross_pmpq_6,3.26030082996,0.855172413793
cross_pmpq_7,2.917494348,0.713103448276
cross_pmpq_8,3.21659130614,0.816551724138
cross_pmpq_9,2.87716642974,0.8