Problem ID, Quality, Stability
cross_ppps_1,1.3248332388,1.0
cross_ppps_10,1.41143003662,1.0
cross_ppps_2,1.41640770168,1.0
cross_ppps_3,1.44486789224,1.0
cross_ppps_4,1.37317251045,1.0
cross_ppps_5,1.38385242745,1.0
cross_ppps_6,1.43169378892,1.0
cross_ppps_7,1.37304937078,1.0
cross_ppps_8,1.50860852932,1.0
cross_ppps_9,1.49123456404,1.0