Problem ID, Quality, Stability
cross_mmpq_1,-12.7856958519,0.562162162162
cross_mmpq_10,-7.03561209363,0.454054054054
cross_mmpq_2,-10.3399208398,0.562162162162
cross_mmpq_3,-15.8784605459,0.537837837838
cross_mmpq_4,-9.79197123608,0.367567567568
cross_mmpq_5,-11.0848104242,0.532432432432
cross_mmpq_6,-10.4473860662,0.559459459459
cross_mmpq_7,-17.7190479038,0.594594594595
cross_mmpq_8,-11.9301180378,0.567567567568
cross_mmpq_9,-10.3233332531,0.581081081081