Problem ID, Quality, Stability
cross_ppps_1,1.3884617886,1.0
cross_ppps_10,1.47722928549,1.0
cross_ppps_2,1.37138485887,1.0
cross_ppps_3,1.42375349752,1.0
cross_ppps_4,1.38595903185,1.0
cross_ppps_5,1.46896710912,1.0
cross_ppps_6,1.47236360794,1.0
cross_ppps_7,1.36310491316,1.0
cross_ppps_8,1.36399423045,1.0
cross_ppps_9,1.43573811129,1.0