Problem ID, Quality, Stability
cross_pppq_1,1.48318865007,0.998620689655
cross_pppq_10,1.53545257335,1.0
cross_pppq_2,1.45837213289,1.0
cross_pppq_3,1.58489475909,0.995862068966
cross_pppq_4,1.53433228077,1.0
cross_pppq_5,1.57310335604,0.997931034483
cross_pppq_6,1.47875804178,0.989655172414
cross_pppq_7,1.50608167196,0.995172413793
cross_pppq_8,1.54840242204,0.981379310345
cross_pppq_9,1.71190081438,1.0