Problem ID, Quality, Stability
cross_pmms_1,1.48377562763,1.0
cross_pmms_10,1.45309663777,1.0
cross_pmms_2,1.40823374924,1.0
cross_pmms_3,1.42982345644,1.0
cross_pmms_4,1.24313612995,1.0
cross_pmms_5,1.34156966713,1.0
cross_pmms_6,1.45998433746,1.0
cross_pmms_7,1.52015902964,1.0
cross_pmms_8,1.36223047902,1.0
cross_pmms_9,1.41046778297,1.0