Problem ID, Quality, Stability
cross_mmps_1,5.40508181175,0.991891891892
cross_mmps_10,5.08551061564,0.989189189189
cross_mmps_2,4.63974232155,0.994594594595
cross_mmps_3,5.06289582815,0.989189189189
cross_mmps_4,5.24146118002,0.981081081081
cross_mmps_5,6.57527625126,0.983783783784
cross_mmps_6,4.55623377071,0.989189189189
cross_mmps_7,4.67037351721,0.991891891892
cross_mmps_8,5.82825474228,0.978378378378
cross_mmps_9,4.6775398113,0.986486486486