Problem ID, Quality, Stability
cross_pmms_1,1.35816498138,1.0
cross_pmms_10,1.42153620165,1.0
cross_pmms_2,1.35790816991,1.0
cross_pmms_3,1.53907124808,1.0
cross_pmms_4,1.47762478937,1.0
cross_pmms_5,1.51247841278,1.0
cross_pmms_6,1.47051003393,1.0
cross_pmms_7,1.49735662685,1.0
cross_pmms_8,1.24486311344,1.0
cross_pmms_9,1.34113788722,1.0