Problem ID, Quality, Stability
cross_mmmq_1,-5.55785066433,0.8
cross_mmmq_10,-4.75464591063,0.718918918919
cross_mmmq_2,-3.36235013681,0.664864864865
cross_mmmq_3,-2.26151219328,0.597297297297
cross_mmmq_4,-4.1029643603,0.664864864865
cross_mmmq_5,-4.82015016286,0.72972972973
cross_mmmq_6,-3.25792669901,0.640540540541
cross_mmmq_7,-2.92655780228,0.745945945946
cross_mmmq_8,-5.11815015834,0.718918918919
cross_mmmq_9,-6.96029182701,0.756756756757