Problem ID, Quality, Stability
cross_mpms_1,0.717476730042,1.0
cross_mpms_10,0.668499752907,1.0
cross_mpms_2,0.734363732246,1.0
cross_mpms_3,0.627239088695,1.0
cross_mpms_4,0.665680774189,1.0
cross_mpms_5,0.676958647515,1.0
cross_mpms_6,0.695898789136,1.0
cross_mpms_7,0.635383480571,1.0
cross_mpms_8,0.619079743602,1.0
cross_mpms_9,0.686200983293,1.0