Problem ID, Quality, Stability
cross_pmmq_1,-16.9520613041,0.902068965517
cross_pmmq_10,26.003616796,0.875862068966
cross_pmmq_2,44.3042887012,0.924827586207
cross_pmmq_3,-29.6846212363,0.904137931034
cross_pmmq_4,59.9759401088,0.897931034483
cross_pmmq_5,-34.1486108931,0.878620689655
cross_pmmq_6,-22.2075726776,0.896551724138
cross_pmmq_7,-19.096485998,0.877931034483
cross_pmmq_8,-6.94749667999,0.859310344828
cross_pmmq_9,-28.488792516,0.863448275862