Problem ID, Quality, Stability
cross_mmmq_1,-5.90467857278,0.721621621622
cross_mmmq_10,-4.14407768835,0.697297297297
cross_mmmq_2,-12.8571782047,0.767567567568
cross_mmmq_3,-3.49909704998,0.694594594595
cross_mmmq_4,-4.89184569547,0.691891891892
cross_mmmq_5,-2.08969877775,0.716216216216
cross_mmmq_6,-4.96921367307,0.740540540541
cross_mmmq_7,-4.03537864714,0.672972972973
cross_mmmq_8,-3.1146164713,0.681081081081
cross_mmmq_9,-5.46224795261,0.735135135135