Problem ID, Quality, Stability
cross_mmpq_1,-9.22574707666,0.559459459459
cross_mmpq_10,-17.3596642297,0.52972972973
cross_mmpq_2,-9.16847154018,0.559459459459
cross_mmpq_3,-6.61849602404,0.481081081081
cross_mmpq_4,-8.67826769914,0.556756756757
cross_mmpq_5,-16.6132896258,0.543243243243
cross_mmpq_6,-24.1713097282,0.613513513514
cross_mmpq_7,-15.9725045977,0.627027027027
cross_mmpq_8,-14.3115189343,0.545945945946
cross_mmpq_9,-18.1818306899,0.564864864865