Problem ID, Quality, Stability
cross_mmms_1,2.34642679135,1.0
cross_mmms_10,2.43816760088,1.0
cross_mmms_2,2.09240917421,1.0
cross_mmms_3,2.30342489575,1.0
cross_mmms_4,1.71484192406,1.0
cross_mmms_5,2.37208369543,1.0
cross_mmms_6,2.07001281631,1.0
cross_mmms_7,2.29008522514,1.0
cross_mmms_8,2.04121671996,1.0
cross_mmms_9,2.00191934387,1.0